symbol,price_usd,ret_7d,ret_14d,ret_30d,vol_14d,vol_30d,maxdd_30d,rsi_14,last_date
0G,0.6681198476793179,0.03799656277927821,0.26320245906051487,-0.26984741514748434,0.07669767752929747,0.0730160987579113,-0.3858937909332777,51.51710035585392,2026-02-25
1INCH,0.0973734707050913,0.03716402125110818,0.053359988199281005,-0.3014776252427862,0.042701041627086975,0.04812543481520494,-0.26315612417532297,44.030293066405896,2026-02-25
2Z,0.0749999941616272,-0.024228768241056575,0.005087182641348775,-0.36897236122488575,0.052078294245614346,0.0600073648514346,-0.49930686156168713,39.634782359056715,2026-02-25
4,0.0081681364245409,-0.14155737076754993,-0.07612539344749614,-0.5159202704386445,0.05964235447401479,0.0689386973850095,-0.6137008766208152,31.28040958757971,2026-02-25
AAVE,121.79808519945612,-0.03247155656983303,0.14661423019806907,-0.2059863205166682,0.04963859847307779,0.04486257416575222,-0.33638110794931353,46.24497752556456,2026-02-25
AB,0.0024945752276278,-0.019817677888642415,0.06551348282608926,-0.3875627694074152,0.02829813105176914,0.06093590252752415,-0.43439480706118305,34.347896343122244,2026-02-25
ACT,0.0144375922887397,-0.02431960702205005,0.04017653645917063,-0.36494669897616727,0.030337002059588142,0.043519636782128605,-0.3808350368459169,31.66198704742949,2026-02-25
ADA,0.2951906226587367,0.05422257386603846,0.17175057672410654,-0.16409097470765577,0.05003854082034139,0.04679429052834061,-0.2940098555940438,51.42997726927989,2026-02-25
AERO,0.3539156228497723,0.13156847853569476,0.2733553442621208,-0.2148300022592119,0.05184413387997202,0.05652075316854506,-0.4065354244047237,51.60495758279462,2026-02-25
AGENT,0.0002875846290744,-0.2532505153878174,-0.014059936843515253,3.1810152787004986,0.19065241662455462,1.2093370262908147,-0.8849353378914354,48.79002267990779,2026-02-25
AI16Z,0.0009233530835534,0.0725080504615443,2.3014779535793113,-0.07715841164879078,0.6389391110168169,0.5863698596267279,-0.7364513883552855,51.72623200280043,2026-02-25
AIOZ,0.067637471004115,-0.10718665120398319,0.011823534125053436,-0.21268477662759733,0.053398496040478735,0.06499192349599692,-0.3472976846957436,45.699144824196125,2026-02-25
AIPUMP,0.0004183607802516,-0.014059468405172693,0.23715476464377905,0.5339982006275716,0.06921423521305661,0.0856115955980227,-0.17825688850841903,61.00405587501545,2026-02-25
AKT,0.3218976837949182,-0.019186679046637622,0.07683693180641549,-0.2621943839217369,0.05130100739292904,0.05702625109954061,-0.37192990312572105,45.74505865935426,2026-02-25
ALCH,0.0795093223742076,-0.03801954587128564,-0.0034033808590816506,-0.26845815031182174,0.026015956519294798,0.052273834705664705,-0.32816519733384464,42.13579165909343,2026-02-25
ALEO,0.0792146921389769,-0.058780805660172186,-0.08850517184597628,-0.2895563168469262,0.02277681600622395,0.03550488409822433,-0.314633011603365,30.218072820353754,2026-02-25
ALEPH,0.021069918027371,-0.03165102481561377,-0.052693850509060725,-0.32117706388290956,0.046534424272118166,0.04796157026487701,-0.34323381062261793,39.032003672520204,2026-02-25
ALGO,0.0922458119283102,0.0023369522258234188,0.04008621814113722,-0.2460591823939936,0.04146996328082014,0.04143777775463643,-0.313014781646221,44.69441738824348,2026-02-25
ALKIMI,0.0102254479256161,0.12478832002661844,0.02741489224018867,-0.42803505411085774,0.034687359847633124,0.05168912529003548,-0.4653367396251952,41.08794257436064,2026-02-25
ALT,0.0078825515867522,-0.07743670595699192,-0.011155485025853396,-0.3267530015956802,0.04833895845116341,0.04284691918765936,-0.3576318826170122,38.617756243607744,2026-02-25
ALVA,0.0135400485702473,-0.10472545713778192,-0.24642706939617964,-0.41425598333753266,0.07547789782425923,0.09158544658437437,-0.5102634111277895,37.572644791528276,2026-02-25
AMBIOS,0.0010668712471617,-0.13910213276873817,-0.0990476950536956,-0.4718319371793803,0.06580515164644149,0.06057641666529785,-0.5605342729571432,32.88275507607642,2026-02-25
ANI,0.0007927758326535,0.6413041329624058,0.6963982132877555,0.0010642178084598886,0.12408410280007562,0.11520380193836767,-0.439127110406322,61.57472758640834,2026-02-25
ANKR,0.004506431644021,-0.015503921746822358,0.046556531610922214,-0.27003038758105724,0.0397661514538301,0.05000550121397953,-0.3154755787086434,42.38724089652846,2026-02-25
APE,0.112961760447322,-0.08660542730356946,-0.06662089254236525,-0.3784193887031594,0.04809167578735783,0.04169084232145966,-0.4423026672819188,34.213054951109825,2026-02-25
API3,0.3011852180170974,-0.04285253205563233,-0.02223025249085131,-0.26540024493852477,0.03332779719583687,0.03871296085034462,-0.29697008932373303,40.00281388686756,2026-02-25
APT,0.9983561945297462,0.11645837697405903,0.0725463824929149,-0.3582837675396211,0.06793834964069116,0.057242238136346664,-0.4839074262972979,45.534683096447914,2026-02-25
APU,3.2996375941e-05,0.09766149578381134,0.13009334197420808,-0.26785486725205976,0.05294023945542811,0.05911122327441181,-0.40671443150017195,45.198412177112395,2026-02-25
ARB,0.1034130240325433,-0.06471876060227488,-0.027833192219518743,-0.3915070369097452,0.05316532144105657,0.04608694944490891,-0.4581013008208914,36.13073081037924,2026-02-25
ARC,0.1072652611803572,0.3368149529645015,0.5992392662434958,1.188387977994374,0.11056544609016203,0.14609385544271236,-0.2704358131434408,67.22652940601321,2026-02-25
ARENA,0.0009554223198035,0.029640336748845586,-0.0660196778192309,-0.35793069099472374,0.050025650409457854,0.05490441753341692,-0.44365887124890846,37.96807986029953,2026-02-25
ASTER,0.7158152785561968,0.010722627102199622,0.026150177457586077,0.1362425073053375,0.021184202900385835,0.05358845299672442,-0.2384409380076008,56.730296548759554,2026-02-25
ASTR,0.0076931671445187,0.003526713965731343,0.06245069532951941,-0.30346215781091557,0.03914303998711977,0.05079037083588437,-0.38860526699449405,44.09592753796813,2026-02-25
AT,0.1580134165293644,-0.013804084184202536,-0.006186454761881954,-0.011959857070861668,0.018496317073612937,0.018516970378294913,-0.05425590794989876,42.6508294890248,2026-02-25
ATH,0.0053395698526787,-0.08584533864872468,-0.04363451787622885,-0.3999034977702923,0.04837600990890661,0.04847382640599619,-0.4402271657685978,35.562756142951045,2026-02-25
ATOM,2.102789668590295,-0.145199249003642,0.09837661792247898,-0.054387082889862604,0.04875250060076533,0.0396709875587975,-0.16862892097947513,46.10668819542737,2026-02-25
AUDIO,0.0207629942504716,-0.02265431808867724,0.0262032320979666,-0.25459194321732115,0.024642351647123605,0.027225524334600855,-0.29015406271032507,37.41016332093625,2026-02-25
AURY,0.0472172532104849,0.1719148840673148,0.10377315375965401,-0.08703375206180741,0.025216857415397875,0.029433770725106324,-0.22514525182872203,51.46306777213265,2026-02-25
AVA,0.2090175419020024,-0.017562678867569126,0.01008993082487808,-0.336862178674859,0.0304964963728833,0.03170055688959499,-0.37578095225999575,34.56497240194402,2026-02-25
AVAX,9.803165104244943,0.08639829223572137,0.1444736739120147,-0.16566785055494393,0.05506291698890246,0.047173351617104224,-0.3046374984047381,52.216332252824465,2026-02-25
AVICI,1.0713780724297743,-0.061194862619526336,-0.1310450602544252,-0.5086607859235817,0.0890977509830065,0.11295986457994012,-0.6102349018522693,37.12569126883459,2026-02-25
AXS,1.3688394649795523,0.028314010436301995,-0.0706571217971208,-0.4066026036702951,0.05463091695571861,0.06202854484935084,-0.496281577400965,47.10332766515168,2026-02-25
BABY,0.0125672736400066,-0.09671344169523877,-0.046920169844002824,-0.2910253328677719,0.031560414213620394,0.040838037782779044,-0.35069061115067324,36.00011480385349,2026-02-25
BABYDOGE,4.17275819930012e-10,0.05788088290550619,0.15111783644022614,-0.2716163819588797,0.05565609578093814,0.053345979159841815,-0.3924347220803086,46.26249771165228,2026-02-25
BANK,0.0408371128516888,-0.030091358800858337,0.35664410899053367,-0.23791449831059797,0.09380462963637884,0.07648852478825097,-0.4398459488867098,49.707689729128475,2026-02-25
BARD,0.7698653947053042,0.014309424620711386,-0.04841890515178782,-0.0344335146208653,0.026075753788110553,0.045880507158928586,-0.18533696815530232,48.84217584710684,2026-02-25
BAT,0.1260646520720803,-0.0005580360217577462,-0.04672155173584369,-0.28699708699682136,0.03454927670348212,0.04527022989911982,-0.3265173183889104,41.454546677156344,2026-02-25
BCH,513.3280370234006,-0.0836247351190057,0.0032001255195202027,-0.11177246585500811,0.05461781143094044,0.0441487419263181,-0.20447948441737762,42.734170299302946,2026-02-25
BEAM,0.0020914217049599,-0.10563453555452329,-0.08635351487737175,-0.302058104991328,0.044906195298060204,0.04414859977194319,-0.4023434917345793,36.87832406859278,2026-02-25
BERA,0.626651765853272,-0.004564254400614587,0.049932400249601105,-0.05098965363653407,0.08353245588277528,0.08069858876497875,-0.36748163662419553,53.23409644454377,2026-02-25
BERT,0.0118099924110148,0.1350831061547224,0.2191122360484925,-0.11609455755819043,0.07825686330444444,0.09995990293540381,-0.4794482585379046,52.54768663339025,2026-02-25
BID,0.0099227698157743,-0.005243405329414252,0.18062771457552174,-0.34340385781561855,0.17155187392017343,0.12227224631970185,-0.4336528329286604,44.737137465730626,2026-02-25
BILLY,0.0020521684644292,-0.15215974602129134,-0.22448975503539947,-0.08842132198046027,0.08985541445311185,0.10253064766498005,-0.29118381160305384,42.66811779176783,2026-02-25
BIO,0.0259247054776664,0.05634415894438405,0.07924864852517421,-0.43070122851009407,0.13423413549248397,0.09806047257033564,-0.5029525382767381,42.702100897175384,2026-02-25
BITCOIN,0.0201202659362879,-0.02347990452276194,0.19684358565976212,-0.3643490007241428,0.052976648361841135,0.058924952465347895,-0.49865091431139263,39.52064862244687,2026-02-25
BLACK,0.0141895212421207,-0.2799968748403858,-0.16896779083521962,-0.5736250632348934,0.0757630083897178,0.062091517773622984,-0.6060233015304437,27.155915812322306,2026-02-25
BLESS,0.0049896635594542,-0.05145118055103326,-0.10505934074842982,-0.3684954783150608,0.038472392843109694,0.058317296212527465,-0.41084397712071186,35.111892743185706,2026-02-25
BLOCK,0.0062185678384146,-0.15352047899518328,-0.1338884890120451,-0.4443755305657432,0.040181506068658356,0.04879097766108976,-0.486875732789837,27.19438251020088,2026-02-25
BLUAI,0.0051720987030439,-0.0359212854696892,-0.24645423571795622,-0.24852750599856321,0.04036390160935682,0.07141514880094517,-0.36833445101269335,43.205884751711935,2026-02-25
BLUR,0.0209438593690131,0.00026091228703761793,0.08379937515161773,-0.29036218135084146,0.041665288653719885,0.04131269315034276,-0.3398685094402959,43.90756931052525,2026-02-25
BMT,0.0157664067291921,-0.06696920727817224,-0.021927159275538788,-0.30757574037576196,0.02810126269157631,0.030236444482336693,-0.32500571406882406,32.27509484836945,2026-02-25
BNB,625.1245879987366,0.014493929228682312,0.05257543116915553,-0.2836632788633069,0.02752580587202801,0.03188824374828128,-0.3484957675780872,40.1120308803867,2026-02-25
BNT,0.29749989492742,0.033754351905139535,0.07543560547471051,-0.24070557002799242,0.039068551613079414,0.038847151914505,-0.3106686346326599,46.00760570370041,2026-02-25
BOME,0.0004133283425687,-0.02750595927483901,0.10789875859201459,-0.28148068803911797,0.048283272624152246,0.05162421888058766,-0.36716315241972675,42.65969345823487,2026-02-25
BONK,6.4528421767e-06,0.01565711825342264,0.11665338544017523,-0.2636470428532238,0.04809544732835955,0.04435386966033958,-0.34012228202441297,45.01071788415073,2026-02-25
BORG,0.2058551443718956,0.07652459079421248,0.13508340635183025,-0.10317287958061783,0.04081714977158786,0.04805999458927348,-0.2188950345941697,51.246420266526854,2026-02-25
BORGY,5.05009123854e-05,0.1182114564149972,0.1912887461332058,-0.1697951662571342,0.03845985443272081,0.0480812974346555,-0.283042690359959,53.78689207680608,2026-02-25
BREW,0.0010011324747469,-0.1500258181872668,0.0820078799699635,-0.4014707180661362,0.14486152720792608,0.1514039603235817,-0.6270655397529888,41.45157040121423,2026-02-25
BTC,68232.31527347735,0.017306520095014433,0.032825654507633306,-0.220890449641584,0.02617324915535837,0.029080955873161514,-0.2828464297047215,42.0774630629213,2026-02-25
BULLY,0.0001830508617887,0.005431028936608184,0.15910490987565096,-0.27612200481482785,0.06416664759127734,0.05724040763100634,-0.37916932847378726,47.91996941276782,2026-02-25
CAKE,1.3310760813472176,0.02030020012225231,0.03894371170697486,-0.2961192227468272,0.0393436867321991,0.03998399744577567,-0.3731787418640401,42.82546643809325,2026-02-25
CARDS,0.0387158333249004,-0.08814294900212183,-0.013776392430100426,-0.25469485118960367,0.053662922245775194,0.09019465286295295,-0.3729815812680294,43.221527854940845,2026-02-25
CARV,0.0613018972722126,-0.0458918819580183,0.011171732756563024,-0.3646598624796564,0.06150244165221355,0.05376047470542055,-0.3928501305772413,39.99252067097898,2026-02-25
CGPT,0.0203292065835344,-0.07180331052552802,0.019032646393505326,-0.32804635336261423,0.04583496407545252,0.04230783763275811,-0.3606202856669075,38.132359948144625,2026-02-25
CHATOSHI,0.0009971023077788,0.04742132254318765,0.08471646670798805,-0.2882025176523856,0.073274183777841,0.061196070006623124,-0.42576156223571093,45.23413502220858,2026-02-25
CHILLGUY,0.0108124573869183,-0.0033795402395626617,0.1450149854527707,-0.315167425993056,0.06502728815925742,0.05940210557365498,-0.4038601020472621,42.939200404054105,2026-02-25
CHIN,0.0002100738335835,0.06200323818840081,0.1485534581511525,-0.25825069341476137,0.052861549250125026,0.051664492543283105,-0.3888896469725408,44.624665216333156,2026-02-25
CHONKY,8.724722237277643e-08,0.12214336308936824,0.13841158824719546,-0.974645274404774,4.121992679252148,2.9116322500672274,-0.9559267460890927,43.455523045217056,2026-02-25
CHZ,0.0353055294206101,-0.1206672619687501,-0.07427364887536403,-0.32069519448312944,0.03927857723547944,0.050338117452057976,-0.40788064974888516,35.87103473478112,2026-02-25
CLOUD,0.035823760847412,-0.062484139303776054,-0.12515892864292955,-0.4335655665096487,0.029675224671632017,0.06307126981361527,-0.46229025292032044,34.25598976687692,2026-02-25
CLY,0.0138560400421107,0.10851092368813209,0.12948801471097737,-0.2856092251318396,0.052694330377651685,0.05380504092573348,-0.42656840010566766,45.498885465025964,2026-02-25
COAI,0.3117969977815834,-0.06834577115495188,0.01692977066680923,-0.13789221224007953,0.08954506085415717,0.07144742729273025,-0.3027960710058438,44.71753437940944,2026-02-25
COMP,18.94304507089551,0.04019723222941929,0.19727243836731545,-0.20452776604986578,0.07649573958537337,0.0595430848927996,-0.3592852893242311,48.10287733375078,2026-02-25
COOL,1.62123772496e-05,0.11202911325051845,0.3761427864013589,-0.29109860424703426,0.09097343230752646,0.0962933461035242,-0.48604476511574923,53.12916134649616,2026-02-25
COQ,9.78326025554014e-08,0.24831193916783034,-0.026250552711830077,-0.3905519631226141,0.08265481817059202,0.07337329857234762,-0.47051753542633823,47.452574433802035,2026-02-25
COW,0.2246699175648148,0.09115024970703822,0.17205879889050402,0.0932574058212845,0.07105798346642193,0.058322171820773906,-0.24203990789943086,59.82861688570652,2026-02-25
CROWN,0.0253920925828072,0.3229876400875191,0.40855955542544353,0.1177846836687988,0.10536786612420794,0.08209472388427563,-0.2877192929828769,60.46818762001761,2026-02-25
CRV,0.2572053364700563,0.024225719949157565,0.1263862072083155,-0.2740672828383097,0.05877465736341784,0.05079204422913401,-0.36145953511824125,46.936533326571734,2026-02-25
CTA,0.0102135194865764,0.1108235905419277,-0.01914003765554817,-0.35762117838454777,0.16201290533589194,0.20386220696486373,-0.6985991078047659,44.104271509548504,2026-02-25
CVAI,0.0002633239862,-0.030897187632041412,0.013631480820825548,-0.1884610343537806,0.040585194984918346,0.05620060568226906,-0.37898158367035595,41.240926676338205,2026-02-25
DARKSTAR,0.0005859134871888,-0.13351840402850856,-0.17301844213129824,-0.41050026900615844,0.06911790067716171,0.08878984472575938,-0.46821223664592526,8.993436431513942,2026-02-25
DBR,0.0161146656689176,0.011397309295056113,0.011720808580375719,0.03980714864610957,0.04309567615893892,0.048958147088945456,-0.17870797893705415,50.304211399531255,2026-02-25
DOGE,0.1027069491233497,0.027252675699729556,0.15464412743045552,-0.1634238510967374,0.05145861336775637,0.04755004248462176,-0.2867796058029245,49.826562591033756,2026-02-25
DOGS,2.8713728309e-05,-0.008165028368487315,0.06233518718837017,-0.24024786513202623,0.046600582266022615,0.04358813534069127,-0.3156174759104824,43.502121640936444,2026-02-25
DOLO,0.0384044031571696,0.017610567977258462,0.07796428481220441,-0.24276893850096593,0.060004560312412,0.05851069891992306,-0.296116171801862,47.4256301960799,2026-02-25
DOT,1.5446179464435532,0.15496433245879526,0.24789834622192197,-0.17624476996389826,0.07240179865199219,0.057741763526782786,-0.3375703892610603,56.33016525668609,2026-02-25
DREAMS,1.5647031242e-06,0.27296667886926773,-0.32868054035779926,-0.8835827433417867,0.15441524545395457,0.20714220850105108,-0.9134944332052584,17.996926744266673,2026-02-25
DRIFT,0.087029876675036,-0.03866249270845201,0.10942688796739719,-0.43609052749639043,0.05989578413769638,0.05936707618590091,-0.47334609385855253,39.793846301624214,2026-02-25
DYDX,0.1040014710617813,-0.02496239748041862,0.07210921933730785,-0.37348582267820263,0.05959138430727282,0.052501306080567134,-0.47057653720341863,41.10596908962613,2026-02-25
EDEN,0.033802624686302,-0.02344144420805283,0.08626904702940963,-0.40799977803384935,0.06020041981314775,0.06063636762123564,-0.446059398475259,41.40256084533749,2026-02-25
EIGEN,0.2022413478928973,-0.00982744601943264,0.05309817582887555,-0.3879097576471858,0.04519252425686575,0.04852630898366858,-0.45403076033081724,39.01870069969059,2026-02-25
ENA,0.1081694575788386,-0.07941100140213819,-0.010028759240381269,-0.3584716145699589,0.05228604300191487,0.04796067219590452,-0.4278424206775462,36.76042851970522,2026-02-25
ENJ,0.0206760262874684,-0.008560459978996127,-0.04097741150980916,-0.24189055023467454,0.0402229720726858,0.0381420975011203,-0.3222298375773257,41.471727085450794,2026-02-25
ENS,6.593310820955065,-0.03406016776965093,0.20858746632215364,-0.25620364218798386,0.05637511739491311,0.05327486151529133,-0.3934916818278634,46.2460736992654,2026-02-25
ENSO,2.0057000925964736,0.656350121760916,0.6282920030378432,0.5853195010984993,0.16022339934141955,0.13550190268474654,-0.29516141657071604,60.49732031285042,2026-02-25
ES,0.11791886703443,0.02652546347510576,0.1324852280778559,-0.20842685183557164,0.03470129627825164,0.047903559679762835,-0.3455662444757738,49.80694176926721,2026-02-25
ETC,9.333397518302103,0.08316668967181617,0.1610101232450616,-0.17925241384525958,0.05044022587522946,0.0434653294403223,-0.2989334349310583,51.26793773514801,2026-02-25
ETH,2047.9267038160997,0.03979357824359586,0.06916780259162736,-0.2941109428533061,0.040996713846853335,0.042099358286914954,-0.38109802660591097,43.91227953894712,2026-02-25
ETHFI,0.5304672449645931,0.11991363390688536,0.21454735994199714,-0.11391359468509354,0.0425125329642689,0.04092496730222051,-0.2918779663589588,55.945447418813885,2026-02-25
EUL,1.0049960131287248,0.07564810607374106,0.23790189540387896,-0.44747048035641046,0.0828031628231145,0.07843646680056701,-0.5824190668405405,41.20728626733183,2026-02-25
EURC,1.1802889593341794,-0.0016148324646938494,-0.00581099440230759,-0.00695432060094503,0.0016897193516119534,0.0028728138036725292,-0.017668403437587465,48.29561202114327,2026-02-25
FARTCOIN,0.1699803358110816,-0.10573489612211173,-0.008865852182971867,-0.41034854693578504,0.07349792489243466,0.06049152315154344,-0.5119180810014656,37.00771968379695,2026-02-25
FET,0.1690543678632588,-0.00582797656611711,0.11640801064760153,-0.24455511968631571,0.047202487520698576,0.0426577268193907,-0.3314503885435951,44.66464129886178,2026-02-25
FF,0.0798678184706279,-0.020307801461115327,0.001477140448381542,-0.16619894919513767,0.027574833396042442,0.03131574394406117,-0.15439121643019615,45.78651707778535,2026-02-25
FHE,0.0295594175193804,-0.2645669098477911,-0.7340863263513073,-0.7928440677597381,0.16637563703697633,0.15698656650787893,-0.8273996191873101,34.89403457852329,2026-02-25
FIL,1.0936189738012947,0.14639158949601194,0.2703907491670019,-0.139955675035063,0.07669659880553724,0.0619317614226784,-0.328480593376707,56.51853092047223,2026-02-25
FLOKI,3.07828339639e-05,-0.019218006864211823,0.08191032462969305,-0.2634312396124938,0.047093509526105345,0.04635031470712456,-0.333527325409942,43.226588680663156,2026-02-25
FLR,0.0097210156973234,0.01091033248574158,0.05271235397284091,-0.07317663105129013,0.029199383481402975,0.04051609464624545,-0.1635983406946777,50.41306401177371,2026-02-25
FLUID,2.137728215587349,-0.01986369670514676,0.009122463103357736,-0.2669594845303308,0.043576949985453875,0.0487558733373919,-0.37258334799814996,42.72586486627464,2026-02-25
FWOG,0.0063017917097094,0.010731066655315535,0.1417572043690034,-0.31788492047202244,0.0649489468412137,0.06654879061484657,-0.4321987972988762,44.496103723717354,2026-02-25
GALA,0.0037973423110239,-0.04818407534994951,-0.013229924473751153,-0.3750800343329237,0.04623496015909609,0.04197375993486978,-0.4318482115073048,37.33285354837252,2026-02-25
GEOD,0.1312208355583785,-0.015050657135038947,0.04015863013197296,-0.14708647609164882,0.04357933945325483,0.03597823106158606,-0.21284007582727038,45.90869112646767,2026-02-25
GGP,0.0487118504217405,0.17825720076842977,0.8776254031943236,-0.5172802435456569,0.15978103397242027,0.14571496098998257,-0.7213999262666615,42.0839694782419,2026-02-25
GHST,0.0978642649068392,-0.04991275018379626,-0.25954369836870905,-0.4690848074926378,0.05102472791643946,0.26023857401954276,-0.570985142370772,41.876279931327524,2026-02-25
GIGA,0.0022427414333154,0.005687131829194003,0.08252073788449654,-0.34251121576243104,0.05647573126186813,0.0640025917853467,-0.37687946694107644,42.544498392801586,2026-02-25
GLMR,0.0128863024051973,-0.06474608892470846,-0.0395875560194312,-0.3857640543273342,0.04116448075645493,0.03726641895699497,-0.4422363754215668,33.89453767980794,2026-02-25
GMT,0.0120271041555051,-0.03058200064806349,0.044698979700017016,-0.24176208906017604,0.04701015636934634,0.0429584112803668,-0.3166964103313973,47.02016266119066,2026-02-25
GMX,7.035513826488392,0.09699761866446166,0.19602451768258233,-0.030994686935691518,0.044558854243829,0.04420465672290535,-0.22189250543251637,56.63185503287085,2026-02-25
GNET,0.0141015571015046,-0.0016747641526220214,0.037933628585056,-0.3092355174633987,0.045547572954740455,0.04880817137655541,-0.3761056501148138,37.891129359360974,2026-02-25
GNO,130.76647204934895,0.09742072157321213,0.08119898971046235,-0.053688825319898936,0.04428956626375807,0.04391469725552657,-0.24448373032248127,56.591640149626336,2026-02-25
GOAT,0.0200659136486114,-0.11816948064529442,-0.036973357295413734,-0.3449281711392065,0.05024249177279948,0.04362391554701438,-0.3832605684907492,33.8553569315889,2026-02-25
GP,0.1855688769890152,-0.3196464607494318,-0.4650692722578408,-0.5660893010787538,0.05201744391714403,0.0599475135463103,-0.5567106073393,24.464346722057954,2026-02-25
GRASS,0.2142168954439248,0.11189227749328179,0.23215155085994854,-0.1798997483658129,0.08080831264512696,0.06598103916457562,-0.3592871335941116,52.652361551491474,2026-02-25
GRIFFAIN,0.0094189897315494,-0.004276353573120395,0.11234069360743293,-0.34574175730045464,0.0854956743404229,0.06812949676225433,-0.4832208136401086,41.98058048752497,2026-02-25
GRIFT,0.0002266674280864,-0.04827472637221053,0.0851950884642596,-0.2578935377413272,0.2528141179465074,0.1774253268050341,-0.45675371769707773,46.46886694794503,2026-02-25
GRT,0.0281355073629443,0.029055251452635655,0.09921423781458372,-0.22579784349811394,0.03993601578309644,0.04138712621797642,-0.2947607726717204,46.00087789376048,2026-02-25
GUN,0.0296773912270926,0.030450867753064603,0.03777901177413523,-0.0011735389593149348,0.09037291676259765,0.06729930229082491,-0.2501178287670599,56.631461519434275,2026-02-25
HAMMY,0.0001941792057642,0.05335051835519744,0.09429423997625519,-0.3567404599307823,0.05882092396840134,0.057483564725365095,-0.43642871360671986,42.74127233796893,2026-02-25
HARAMBE,0.0008554146560387,-0.010544574564633757,0.11352460575910617,-0.22145213947780507,0.07437853309361943,0.09851898722754682,-0.30053977438061064,47.300581716099266,2026-02-25
HBAR,0.1024257389268498,0.01882578130708823,0.1714518886660572,-0.042995656270711335,0.03890644759197222,0.04883183582861525,-0.22866583186631362,54.0549863397065,2026-02-25
HNT,1.4273954717105997,-0.07507895508361018,0.7327971727099587,0.24651033157665703,0.11320818944116925,0.0959110807311591,-0.30535910700541924,57.83796783449424,2026-02-25
HONEY,0.0033996489480925,-0.1283470082407151,-0.22290604324351293,-0.3979052221117705,0.03142887821046085,0.032991006984731126,-0.42912265816539097,23.035063456418627,2026-02-25
HUMA,0.0123177999261932,-0.21239750416847292,-0.04597994204454736,-0.4807472641726418,0.0783670022558349,0.07270293696574821,-0.5400266399990542,33.98040294164089,2026-02-25
HYPE,28.663876728762705,-0.007433435762560392,-0.021386938340667627,0.21887997269526305,0.04341596143948522,0.06940812037526571,-0.23438049854532172,48.916373764186055,2026-02-25
HYPER,0.0964375536831741,-0.051014030596925,0.04358415635139101,-0.22705415550317432,0.04260917600770065,0.043397168127731915,-0.2915544216280904,42.727874328797434,2026-02-25
ICP,2.401840442876197,0.03625078035252627,0.05003442703893657,-0.29058172101484325,0.051864998607096646,0.04447021415729457,-0.38711623423244557,46.368722777191564,2026-02-25
IDEX,0.0066607782328226,-0.03546577359687075,-0.00496945310275676,-0.28292400280742114,0.046726740337424924,0.04069779711883955,-0.3359893505287932,38.81130532441007,2026-02-25
ILV,3.75933566543248,-0.03738803350217279,0.010622359400481951,-0.335136588825689,0.04454594255137711,0.041300344506675656,-0.3744400819451411,40.520168640640144,2026-02-25
IMX,0.1791929432383763,0.07816018608642938,0.21517263882401738,-0.2554646928827947,0.05466160995053712,0.05179019807381223,-0.3717399563060072,50.35756604453427,2026-02-25
IN,0.067021051809381,0.08171617117419183,0.008253638086308301,0.020635394317684685,0.040170187818475124,0.05581501764855868,-0.25930768123023906,54.840767067177396,2026-02-25
INJ,3.3279916867400527,0.08592819122742967,0.12578547543852325,-0.2533292237428789,0.056959718302207245,0.051075642525455454,-0.3371314992326523,45.029920661963345,2026-02-25
IO,0.1176171841247403,0.05356402190549869,0.1938563545341605,-0.23750298827062033,0.053940822032445775,0.054396518057405974,-0.378653893818523,49.301873972751366,2026-02-25
JASMY,0.0060668961512752,0.031282479219595594,0.123718098398506,-0.1270473128179409,0.04890016242590619,0.05003807859677792,-0.23511667270856795,50.454806477848685,2026-02-25
JELLYJELLY,0.0630979524540924,-0.1443516267146746,0.16286360861261584,0.05231990020762778,0.13048130356226575,0.0928268003496143,-0.3017443802522455,49.16988981029147,2026-02-25
JOE,0.0379953837542088,0.03419570879458256,0.07403407843130694,-0.309434157727453,0.055182254942443894,0.04666031890386373,-0.3689467391864679,43.282800519446845,2026-02-25
JTO,0.2968094718313607,-0.02859873206375274,0.2738518609601821,-0.16857080156119542,0.08344180434540122,0.09585085175702239,-0.49623639279051623,49.42975744568501,2026-02-25
JUP,0.1587715283531222,-0.0036963395149762768,0.15188625596146133,-0.17251510385426405,0.05680474513284393,0.05749794638174912,-0.36008458934713117,46.30072900625753,2026-02-25
KAITO,0.3311976331892411,0.06284201102211373,0.08824633185493358,-0.19025984580176158,0.042997858725669615,0.0458011285089923,-0.3056497531868706,47.20730781091802,2026-02-25
KAS,0.0315628388069624,0.0011846359568012943,0.010138671151240342,-0.20174122585918797,0.03837200054169425,0.047820764012664864,-0.2803132011907772,44.83254275857094,2026-02-25
KAVA,0.0504528415138855,-0.06316548838623937,-0.025063841228309847,-0.35434643098515106,0.044256074185434514,0.04108560383549262,-0.3897912931110832,35.48963919452362,2026-02-25
KERNEL,0.0800629271844138,0.19457261225273803,0.24571645157810096,0.11406745857005829,0.04499657710906177,0.05690359087425541,-0.3145071362052919,66.98654931752336,2026-02-25
KET,0.002791530092398,-0.004486759824614439,-0.004644376363975855,-0.5044801546002644,0.07077404185626404,0.08240814444265042,-0.5532764378773003,38.124565555975224,2026-02-25
KIMBO,2.8954891986e-06,-0.08782602474700107,-0.07743505284298291,-0.32914701359242726,0.02876100005755342,0.039587376532557186,-0.3474392695831897,28.51967737622941,2026-02-25
KITE,0.2708452536986479,0.15139998470457683,0.5494367683354813,1.361990743851063,0.12215471131911153,0.09476397582768403,-0.18654598024238234,65.21466504833884,2026-02-25
KMNO,0.0246058667267723,-0.14934434696861498,-0.13305063746765122,-0.48394877198697517,0.05231410412620359,0.056009121881158024,-0.42050995854061823,31.82775298597609,2026-02-25
KNC,0.1367361773781501,-0.014816103967475569,-0.056258931473776363,-0.35207262512074244,0.027996912643565245,0.03272779911362566,-0.3728223694117989,31.089001861432692,2026-02-25
KSM,5.366511570708208,0.13706338298008802,0.28201450507338754,-0.2008143112104357,0.0601558191900083,0.05489680250388939,-0.38032444078395866,54.682478097420734,2026-02-25
LAYER,0.0862516112024296,-0.02418773246475081,0.08808156123489974,-0.4069873960348044,0.05014755643944965,0.048375358505650154,-0.42828432489167345,40.171004970918055,2026-02-25
LDO,0.3297443763070096,-0.016726455437747312,0.022868855941889255,-0.35667422303597895,0.04758785155994348,0.046120860402969206,-0.42877389091785223,38.78790371385425,2026-02-25
LFNTY,1.159582626559078,0.011110516247927027,0.004358636879306044,0.002362073821831956,0.0027013572457748143,0.006008182701742985,-0.02055155904166417,67.37856890119397,2026-02-25
LINEA,0.0033173256099385,-0.09573787132132572,0.021373363013669655,-0.46250059303005087,0.06415700759262033,0.060139406224535265,-0.5110470435407295,39.16537474686981,2026-02-25
LINK,9.442521525244274,0.08311545007474153,0.15413598496789382,-0.20972141335533667,0.051911334581164856,0.04600262025244251,-0.32526041158628693,51.34506255071518,2026-02-25
LOCKIN,0.0014148570965983,0.10946160068116217,0.33230564042902766,-0.3043755581723314,0.08300667384934685,0.11285986829014663,-0.567335349469976,47.01197690561594,2026-02-25
LOOK,0.0049635418663829,-0.3561537749441156,-0.43322690252519236,-0.6818693317149243,0.1737698642682122,0.12401719856716295,-0.7475425990083034,31.426164041278597,2026-02-25
LPT,2.3959132765870943,-0.0036151588084994968,0.05251836378499242,-0.24765824450385354,0.038962186574086705,0.04067659016676503,-0.3142958116468053,45.56512568947978,2026-02-25
LQTY,0.2753387210335353,-0.016818989021810116,-0.04490062150179819,-0.17459731450733806,0.03141763107505948,0.05581918977215358,-0.27839796277714723,39.853924065275116,2026-02-25
LRC,0.0350642629373648,0.029697206450359115,-0.06975160082283827,-0.26113704000638926,0.03522983702121754,0.03733054730801308,-0.32576462005068363,41.256882107680696,2026-02-25
M,1.3667047529856984,-0.059819198557976905,-0.03978358126678361,-0.1326249345861098,0.04545379399974781,0.05498413599472661,-0.22537787017623467,44.04449793780003,2026-02-25
MANA,0.1004790653779063,0.0015668130193551288,0.055297799848804896,-0.3043947690495985,0.043078144355997605,0.0419283575815925,-0.3455228538709908,44.67421421350737,2026-02-25
MASK,0.4466789108233666,-0.03781721565965612,0.04521195960989055,-0.28992065302962156,0.04171200237514249,0.04161015324076842,-0.35141833752435414,41.4795222349339,2026-02-25
MATES,2.25523278948e-05,0.04120893604127307,0.026951280004577693,-0.3301543671986735,0.05603048417206863,0.05291953946233735,-0.4385600999730963,42.95196000342743,2026-02-25
ME,0.1225702207545836,-0.08689821002958509,-0.07392045071998099,-0.4146630595414914,0.15733543434395136,0.10937519263159506,-0.4329822766299346,38.38093598522503,2026-02-25
MEDIA,0.1907592025678852,0.027196955229291886,-0.003269777634595128,-0.16137386992171565,0.03011918800985305,0.027082920284433397,-0.20995186912864372,41.01341919666494,2026-02-25
MELANIA,0.1152805556713685,-0.039306189815419224,0.020268686339216746,-0.30540836348386113,0.03848009279826192,0.043046686401786896,-0.3517002287209894,43.3506258065902,2026-02-25
MET,0.1872421185960342,-0.11547843561383075,-0.08439647448012011,-0.23863952834292312,0.04245923268311049,0.0371944518988239,-0.33834556778286073,33.821545108200496,2026-02-25
META,0.0098547935134119,0.010539936887519419,0.08452838434169596,-0.14522510837613323,0.03373123366726879,0.0597677912913017,-0.20525223871251985,47.9053184080869,2026-02-25
MEW,0.0006411332341679,0.031789465507323644,0.15024613341350745,-0.27872072749251897,0.05841774122379959,0.05431248211230834,-0.38915782781435093,45.932046607405255,2026-02-25
MF,0.0147657847266885,0.4398980538724069,0.5851775419790886,1.3412134428133418,0.059555630156166564,0.11009156740424761,-0.3107881143625504,73.96133774660922,2026-02-25
MICHI,0.0016336071972129,0.027956101273789447,-0.09476740446541321,-0.4969617504760583,0.11410964396028699,0.10728242519815817,-0.5769933648753109,39.62412954070737,2026-02-25
MINI,0.0014298067343601,0.199327637503256,0.2536062089041642,-0.32527237503143336,0.06678019114993497,0.07650710854682222,-0.4852906401404151,49.54151579763493,2026-02-25
MIRA,0.087355547584477,-0.06082219949075607,0.054941341620859285,-0.3053148166825824,0.04953381198033261,0.04889313278568727,-0.3791282294922189,41.675888828231756,2026-02-25
MLC,0.0221768156692549,0.0006826555426555636,-0.0007242785096286397,-0.31399973402956405,0.024010229734423644,0.033573218908962824,-0.3214405020510115,28.7112535612535,2026-02-25
MMT,0.1257815333755113,-0.06970941958449184,0.026869994837821043,-0.4048123010481496,0.056937688905118536,0.05103499750355123,-0.4360881609874325,38.54784038605168,2026-02-25
MNDE,0.0234425693077325,-0.025049174418242615,0.00440256539370365,-0.4426717887522207,0.049782775692069944,0.07553460033584446,-0.48103812616216346,39.389337662904296,2026-02-25
MNT,0.6261515792754356,0.002903914829406107,0.031342463268630105,-0.2751125617826753,0.03004611741441473,0.04032172244790163,-0.3550994842226204,40.17342692081603,2026-02-25
MOE,0.0208475607154515,0.11004909349663206,0.28597529817450207,0.007161318646507375,0.04986223784169197,0.06289741179824317,-0.2878278310919732,56.22365853603855,2026-02-25
MOG,1.7442495261084944e-07,0.006876929364136419,0.08851367229327534,-0.25863154878518,0.044683246641350885,0.05024923093128533,-0.3648507558061067,44.89083634674999,2026-02-25
MOODENG,0.0549301497101894,-0.06774823268222907,0.3051298935213247,-0.1851197176939111,0.06680767016167054,0.059124617853798175,-0.3870586574741073,47.803085772608725,2026-02-25
MORPHO,1.870912089337768,0.27242264687822537,0.741474204359974,0.5176955375974652,0.0722903860990455,0.06919243495246467,-0.16105000047688756,75.23812501917085,2026-02-25
MOTHER,0.0012993682446422,0.022606990186065268,0.1255647688230097,-0.3311628464923828,0.06788678702517124,0.06918565944413024,-0.4122465332670501,43.43466424828012,2026-02-25
MOVE,0.0226034849241122,-0.07803783998652958,0.08421871546310089,-0.3406845024022934,0.058933229165464694,0.051170320098148106,-0.3852359540033853,39.68321336358789,2026-02-25
MPLX,0.0315046983271484,0.06845289450326986,0.1783739259131989,-0.1377299547466453,0.039887638852311585,0.04213918162494633,-0.29579754425320703,49.588152931262826,2026-02-25
MUMU,5.54604246068962e-07,0.10128477686324922,0.12714477278919367,-0.3109711701855834,0.05022649994183572,0.07270426309134465,-0.43629717306846627,46.174508561750606,2026-02-25
MV,0.0017226729756636,-0.35607458084969235,-0.4532058549882372,-0.5758974975841626,0.08822250112104132,0.06919617113945684,-0.6051059115075099,20.301998432071954,2026-02-25
MYRO,0.0034011470014294,-0.07742826083345489,-0.058593323278197884,-0.3028383643724224,0.01439938258170056,0.03080023408201089,-0.29296832678908247,43.513051605264295,2026-02-25
MYX,0.422269889523664,-0.6585276934974604,-0.8905714736853334,-0.9302810016724617,0.16989022067392975,0.14552143688519278,-0.9361631134118495,20.668642434204685,2026-02-25
NATIX,0.0001104772644617,0.03127518085293568,0.19118689522666465,-0.6279272733674022,0.06824987502238723,0.08410653839464774,-0.7152382263621176,33.40051518827242,2026-02-25
NEAR,1.1305538790011054,0.08857736541300798,0.19314482731509441,-0.22608782587852194,0.05508584864288402,0.04867675689574066,-0.3711136015339258,50.26460696775627,2026-02-25
NEIRO,7.30372604127e-05,-0.036567845774849284,0.05153188986818669,-0.3635691999450066,0.050344268129087086,0.048795140235660235,-0.4210962088161867,39.95936813575838,2026-02-25
NEON,0.0291724539676335,-0.05404305391746789,-0.06477183069279213,-0.4274531476980049,0.02587486044237315,0.07303195590406754,-0.47157963014487947,30.945888420347046,2026-02-25
NEUR,0.0001593070549547,-0.17747235345313572,-0.15511741186903305,0.03718789863696914,0.08072983027960601,0.09633821718328577,-0.18368528155683805,42.41577661262821,2026-02-25
NEXO,0.8731735618518781,0.009770536903724647,0.09568534495109193,-0.06065304533276161,0.042019502269419196,0.039732277313046266,-0.2572569381773141,52.628110079875086,2026-02-25
NIL,0.0486164671040371,-0.13870469269299301,-0.12858966789819326,-0.30529981966995734,0.04015450279701147,0.0628728092543487,-0.36192696586389206,38.37192882501329,2026-02-25
NOS,0.156541136606551,-0.08580779461855292,-0.09734350981771045,-0.3217298658787443,0.041825684216006444,0.06285391205876462,-0.35950008095464847,37.2851344617371,2026-02-25
NOT,0.0003882899883447,-0.013296579746393644,0.03048418951200338,-0.2859762214572562,0.0379929858444969,0.0417627518824146,-0.33702584319523177,41.75689448571839,2026-02-25
NPC,0.0079895770180892,0.012045081065635177,0.09913536348077123,-0.0588239774317465,0.0634491923945579,0.08122659224485658,-0.2727423504940889,50.04542331884029,2026-02-25
NXPC,0.2780553003674332,0.012446216572298718,0.10597686268927187,-0.25307365417674066,0.047929934966932174,0.04720073331244781,-0.3399796897795907,43.80418152096874,2026-02-25
OM,0.0664064818285847,0.1580808370133142,0.5648693291821691,0.01563717534454101,0.11332524994985564,0.08653092963246546,-0.34255166740130993,56.735723879607725,2026-02-25
OMFG,0.2914551728384271,-0.25796586583158787,-0.37315236204579705,-0.5955692588468982,0.10810560681697397,0.1100411893289569,-0.6751200426021307,36.00977976000177,2026-02-25
ON,0.0846912841184145,-0.12626943974125993,0.2751483627714477,-0.14392839032853966,0.10620995287539779,0.08021049315247876,-0.3668574002652967,48.14605236378501,2026-02-25
ONDO,0.2749550664674094,0.014988865004825325,0.15656330393608675,-0.18539631751791663,0.04892756906659507,0.047383680358931195,-0.2946267394099715,48.37130531231843,2026-02-25
OP,0.126115365637966,-0.3147690272369642,-0.2773148853041477,-0.5749610403561427,0.07685228708538137,0.05953163010321129,-0.6077383343448773,23.994809090760413,2026-02-25
OPUS,0.0029501369688559,0.1899066246455261,0.0029900466863646002,48.21156814256448,0.0677854189051431,14.53171185614726,-0.40015317045058385,55.41926058296498,2026-02-25
ORCA,0.9815319216038232,-0.23390631263748785,0.34771848764282876,-0.08834207619870271,0.13864952419375154,0.0998300769147487,-0.32222583621465306,50.96390989167619,2026-02-25
ORDER,0.0586005762155039,0.0021355565863787618,0.0902253863063951,-0.26802210067519017,0.05308529946042851,0.045967257612840935,-0.3564273578902478,44.1895284433829,2026-02-25
ORE,69.70296400196342,-0.08134210562171817,0.16512897004019944,-0.29083874651068065,0.1257865798276072,0.10762959883004757,-0.5088438763777472,47.360334682361035,2026-02-25
OSMO,0.0360413138928825,-0.047809308453455435,-0.01136152786111333,-0.2943584323662036,0.028399023034593043,0.02816801036772222,-0.32474602257110163,35.658132927976766,2026-02-25
PAYAI,0.0048094212058584,-0.08037550706318297,-0.12268970375563082,-0.211999032314234,0.0831917389187534,0.133395806223151,-0.5543950387055013,49.90171731644126,2026-02-25
PEAQ,0.0164842247827577,-0.042009154933222104,-0.04684223636559026,-0.3613889627190394,0.03105246882967048,0.05168809485720435,-0.4110136383653322,34.29147549670881,2026-02-25
PENDLE,1.3021321865596358,0.06786015192155226,0.18813761278250607,-0.327553771066211,0.043640319879481665,0.052362688989226094,-0.45301599230075273,45.85387554422632,2026-02-25
PENGU,0.007285047674402,0.04299930148482445,0.2327510766534686,-0.25008514693128503,0.06256919861595293,0.058024228548714835,-0.4136386090818678,48.800728764594645,2026-02-25
PEPE,4.2693717999e-06,-0.008114621761427632,0.21646689114789774,-0.13905172149384926,0.05559347555563432,0.04929867357313044,-0.3065700638479266,49.74317279719563,2026-02-25
PHAR,77.39939646038731,0.08801598983572734,0.24916549093697915,-0.12645452505457377,0.08094021962217542,0.1028848353752418,-0.43924491902496743,49.54977952284195,2026-02-25
PIPPIN,0.7585738959961393,0.3582269464121697,0.5907388765866977,1.4445029078921165,0.16173731757914345,0.20821024266864308,-0.6517564869999936,66.37360096750808,2026-02-25
PIXEL,0.0052121707268998,-0.0389690494027507,0.019474954216768703,-0.3503583979910826,0.03912454008873814,0.039328998376677395,-0.38341584455433764,37.43819732142382,2026-02-25
PLANCK,0.0025323609460527,-0.36960023705342226,-0.21242944726215862,-0.586890186630004,0.1110799244736275,0.08853240866520641,-0.5692256429477314,27.31988983470265,2026-02-25
PLUME,0.0098167304045166,-0.07806323870252763,-0.05613521226267726,-0.37264967714086106,0.048213129727278745,0.04667280043179191,-0.4060022458958761,37.04903352333536,2026-02-25
PNUT,0.0486709172862866,-0.009085418015635782,0.10327915556572487,-0.32662044523022804,0.05057308768845309,0.04850820266477449,-0.39134888572025917,41.80768852822233,2026-02-25
POL,0.1161643828761613,0.06202859375124281,0.31377400912167475,-0.03413524922943201,0.06686153764656372,0.05522697152158199,-0.2472129477084365,56.08931458706957,2026-02-25
PONKE,0.0318326195429645,-0.06625875987344354,0.013718936418220196,-0.17674294639820587,0.05225341088675261,0.0623788123359244,-0.3171737616846503,43.774403210993555,2026-02-25
POPCAT,0.0518897833829266,0.009915566295189304,0.0859443537845932,-0.30268592642997116,0.0590562987277578,0.056587105028218565,-0.36971395154964404,43.80140569541467,2026-02-25
POWR,0.0642139385170673,-0.05057934960907007,0.02319756189788258,-0.24441131908215763,0.0358878704931402,0.033035072895853404,-0.291108803161061,39.677463544040066,2026-02-25
PRAI,0.0021869386692206,-0.16886236375637198,-0.1898572735580697,-0.4792818244196131,0.03027973009799694,0.049972164625764426,-0.5162511969356403,33.36409220706176,2026-02-25
PRCL,0.013655525228711,-0.0705393089098949,-0.05306327327444904,-0.3189621460427461,0.04294513525566836,0.06522074575856164,-0.34928922393878814,37.82199759391571,2026-02-25
PROVE,0.297883510883811,-0.06864515071032673,-0.034960787434737184,-0.20367306295466636,0.0441021106256245,0.06035410309731881,-0.261520602479001,42.38377155567005,2026-02-25
PUFFER,0.0300188069645688,-0.09065003226901613,-0.04654679634332348,-0.3711775948435705,0.03528307899654073,0.03593938872392575,-0.3729998824501647,30.532793808868476,2026-02-25
PUMP,0.0018893918006642,-0.09278275715759432,0.022662738737194932,-0.2802344464570323,0.05265066265033727,0.06149259043669156,-0.43746335747824916,39.21184098079083,2026-02-25
PURR,0.0692905332380996,0.011485494011364006,-0.00977914739141894,0.3177484550685685,0.024130130475488062,0.08345000282937198,-0.19772640677419995,53.00070093458422,2026-02-25
PYTH,0.0547882777818369,-0.01816987485100774,0.2809941180293809,-0.06422249397348012,0.07598998702162198,0.06691561343367128,-0.36146825506672464,52.08647342012708,2026-02-25
QI,0.0019431405967524,-0.05259368929985653,-0.06614451959960832,-0.3422267120140484,0.0408174580804045,0.037107275376795076,-0.4034557052104826,33.380603521241795,2026-02-25
QNT,65.72099286160234,-0.052354792775570536,-0.03920250740319908,-0.1243243484879536,0.038846102435291276,0.04187116671964413,-0.2105114022163853,45.23326679281509,2026-02-25
RAMEN,0.002408308076881,0.0017674827305822483,0.00949283928132072,0.06672721746134003,0.1432472456747866,0.11464200391206428,-0.3616352493483055,50.92981952502651,2026-02-25
RAY,0.6514117341716009,0.006127053594094045,0.18330772259792805,-0.34210111073048655,0.05756279944823387,0.05707647109410247,-0.46392411153126434,45.46215910862615,2026-02-25
READY,0.0134806827834613,0.0332451104582967,0.03825006884897353,-0.0023105904266843558,0.046715542595941295,0.08090032236608505,-0.3397147662405309,54.66603332077193,2026-02-25
RED,0.1644143159779343,-0.07146912960237284,-0.058012427339134476,-0.3285012403977182,0.04677058413973324,0.046922633085696254,-0.4205774994556324,37.4753967863686,2026-02-25
REGENT,0.0344004107304515,0.3924912782102683,0.5413260604778574,-0.2975511358976818,0.14434200134303013,0.11982471532132827,-0.5310440295071697,52.316204041713824,2026-02-25
REKT,1.7392901369023636e-07,-0.09147219957419495,-0.056603777650874654,-0.3979677818312344,0.020308583629156454,0.046451433683714086,-0.44097796299061753,29.24073297103874,2026-02-25
REN,0.0040931012319856,-0.25043395542160174,0.05179292717674722,-0.22994776368309755,0.0931339696930538,0.07396353027783631,-0.31715064556545725,42.117052789068154,2026-02-25
RENDER,1.5067656845400768,0.04425716066724661,0.21133689183273252,-0.2200273510618942,0.054667697628692315,0.05442173909924027,-0.351975494192424,50.33896311249311,2026-02-25
RETARDIO,0.0021100404559639,0.19219585373162507,0.3111073017438204,-0.23195702561073162,0.08117576298207256,0.11180234535977214,-0.5650025220222443,51.06312930911987,2026-02-25
RLC,0.4146474085279922,-0.03436148523170346,-0.022206733312300386,-0.29012450469723716,0.03393638816782546,0.03221580255525823,-0.3377007761662819,35.63816117040959,2026-02-25
RPL,2.0023932737731647,-0.08105412412866675,0.36060602905252126,-0.0017634239241619554,0.10320145960752074,0.07566184617402634,-0.2578252418160061,51.60208212360762,2026-02-25
RSR,0.0015858777392337,0.06109556607283273,0.06734283757282133,-0.3179615320103121,0.049978357775477975,0.05048161378534472,-0.4133177730879324,43.81864061290867,2026-02-25
S,0.0441588558460557,-0.07369586331157618,0.11973462938440194,-0.3544667323818661,0.06867639615860469,0.06260190416388982,-0.41937888827615555,42.35707033363854,2026-02-25
SAND,0.0885467065365777,0.02732305680838132,0.09488629067986287,-0.3372450873247702,0.05232744490200018,0.05020908862554697,-0.3788039271601559,46.16847403049876,2026-02-25
SCF,0.000570850537719,-0.03300984897657777,0.03351504899033553,-0.35938812154074384,0.04959328076644878,0.051286068876714566,-0.42266067177895794,40.90828004139357,2026-02-25
SDEX,0.0027843816535703,-0.022434812417586714,0.0002120662690010544,-0.2892346303973916,0.013319222048255416,0.020102734775695772,-0.3199895988367718,25.477365465232126,2026-02-25
SEI,0.0717060958240901,-0.025943675556405976,0.022261608619168705,-0.3195087816815635,0.03882299724344695,0.03883250563648996,-0.3816758137929608,38.8982135131201,2026-02-25
SELFIE,0.0002477295239375,0.14711745388117592,0.11773917640960296,-0.39230047110071375,0.0629422318458783,0.05948482354238521,-0.4698408018110143,44.25780033695545,2026-02-25
SEND,0.1010477243684354,-0.12344231503588876,-0.14024831295079576,-0.3130446730927522,0.029433743145562546,0.026424723112251997,-0.31924788589381436,21.862515629689028,2026-02-25
SHDW,0.0292908763051019,-0.0250814948327992,-0.01660824881828582,-0.22959269097400625,0.021209197542391877,0.023592063886974234,-0.23042007677619714,31.862761892432218,2026-02-25
SHIB,6.36899147e-06,-0.00834272109839107,0.09725851226252091,-0.17896413042810178,0.039715336356399025,0.03956310476250489,-0.25557484688676946,46.67352697814394,2026-02-25
SIGMA,0.0522762193190214,0.17256974451045082,0.17944372322467106,0.329582897895776,0.06738166915264457,0.05778476447133143,-0.1793923273546828,63.50216596424492,2026-02-25
SIGN,0.0239781046144289,-0.10956006127572215,-0.10885164495856037,-0.3929495561216909,0.0459235779661919,0.05077931128262477,-0.40193011008274215,32.57133126331341,2026-02-25
SKL,0.0067410296460056,-0.016151376138821893,0.09877820189599684,-0.3011188634094205,0.039280923986164645,0.04581602641803495,-0.3657433672813445,41.78409600221468,2026-02-25
SKY,0.0691176086940213,0.060511016210358815,0.05052975234184287,0.05084351002294141,0.03472470261270119,0.03387450908549829,-0.10999110916917865,59.161311271891336,2026-02-25
SKYAI,0.0420926938222215,0.16279880533837932,0.16296925012190244,0.06663115859802327,0.03503392805703825,0.03816227410943311,-0.2362546852102082,61.07253023912936,2026-02-25
SNAI,0.0005862086528653,-0.19878132118382663,-0.14641106197870757,-0.4960789143967852,0.2985715598889744,0.22405922214190413,-0.7236473289121985,43.32892199407996,2026-02-25
SNX,0.3769395476082789,0.23935682991025176,0.38323317761654585,-0.08395179515087525,0.05735136387670757,0.05299148186973042,-0.3415880714621571,54.9915277216455,2026-02-25
SOL,87.57220038775273,0.06524593469369844,0.11121470986426396,-0.2955357835186121,0.05016367174830958,0.04748288200329304,-0.38329660569637836,45.47940060864942,2026-02-25
SOLID,0.0011525573342171,0.04551204543233078,0.042175446692102936,-0.2270853068916281,0.04276594993314604,0.049972695272339884,-0.2863801716033265,45.25779836981103,2026-02-25
SPK,0.0214848265080719,-0.013844961690702373,-0.01362833003871744,-0.042561851807209394,0.03152774233095114,0.03712790833936662,-0.13366316926418853,48.89198407999097,2026-02-25
STG,0.1379356275644841,0.03411650747451822,-0.35446351489247396,-0.1590273425375266,0.07921772445109125,0.10090497637978887,-0.4321554426598567,46.23505364904492,2026-02-25
STORJ,0.0986678930409892,-0.018652362450912063,0.04181792153615338,-0.21992393662384613,0.04498550972404561,0.03819144297381539,-0.29668846409157057,42.85947070076466,2026-02-25
STREAM,0.0081063911672367,-0.31126422313901714,-0.4133588086276999,-0.5031622266299244,0.045087111095501585,0.034141022576600025,-0.5104085033069131,6.559243869802273,2026-02-25
STRK,0.0461444505058834,-0.029845878496157052,0.014281142044534567,-0.3366797783927805,0.05264878900522336,0.045214581484021854,-0.40301301775693466,39.350355406307806,2026-02-25
SUI,0.9611175984215852,0.012362289700645679,0.0931355829742202,-0.3368581131901154,0.04937579325113796,0.04822643581745044,-0.40509510566892126,42.19577320258421,2026-02-25
SUPER,0.1146960017635737,-0.11707110993182224,-0.027075748369185137,-0.4025198800883901,0.04200176097605514,0.04153891669819264,-0.4358631941947785,32.27044846644445,2026-02-25
SUSHI,0.2214574826649162,0.04547955595160569,0.1324541982609415,-0.2639791152966656,0.053867513323600395,0.05003585401563316,-0.3559487774632075,48.942639746555855,2026-02-25
SWEAT,0.0006967649033312,0.023294981503060308,-0.04201575046136752,-0.3873584777982485,0.025584019795875088,0.02770498890126361,-0.4157512960422842,26.060224331079482,2026-02-25
SWTCH,0.008513098103061,-0.19532005936074326,-0.2333804411384417,-0.4294299327172838,0.08140926325231843,0.0870626258851075,-0.507108086465909,32.00819558999571,2026-02-25
SYRUP,0.2293932882796517,-0.046736960620098134,-0.12427260323016898,-0.3199557425055086,0.05690100918404065,0.045981605878431704,-0.42249033779794487,36.961292008385875,2026-02-25
TADA,0.000639001926741,-0.004301611310805198,0.09338410507978101,-0.218656068937765,0.0449876275983718,0.04667068171696882,-0.2898220760507312,43.78632594566297,2026-02-25
TAI,0.013713979691063,-0.0834529200401023,-0.0370298670738336,-0.32009317613459976,0.043909288543670266,0.06362201602793272,-0.39306405805158096,39.352969379260955,2026-02-25
TAKE,0.0206941541261746,-0.15943589393799074,-0.11080081801688135,-0.44643222280404216,0.24629078621928538,0.18035788607896336,-0.6256453552264052,48.65694001063036,2026-02-25
TAO,182.71171214558424,-0.018606782601116145,0.26343588696390796,-0.21640644736879833,0.06837407828459248,0.05914702360384992,-0.39139569439499444,47.78483491360801,2026-02-25
TIA,0.3702706453360592,0.10005921706124621,0.22847335781457412,-0.17339379507972563,0.07702463333667015,0.06275913525628478,-0.33662248417855734,52.85197230082557,2026-02-25
TNSR,0.0498849113114631,-0.04880823286005076,0.18101296822475832,-0.16568458894319404,0.11777467586345634,0.08474376475983086,-0.28891561472337046,45.30437477210395,2026-02-25
TON,1.3349420805715195,-0.07342606776675531,0.020655647096040175,-0.12633968135187623,0.031879376066111804,0.030510788818134484,-0.14409297405758903,40.88959612987924,2026-02-25
TOOKER,0.000100762235568,0.02508681729568729,0.16016721519243715,-0.278653099475348,0.05759557847258955,0.05177836290137186,-0.3855219114326399,43.70599784806678,2026-02-25
TRAC,0.3290914707728966,-0.026965550555666074,0.020381007121748285,-0.15118461826642338,0.035863475560974425,0.03480910323875801,-0.18593831003492312,44.57198479130027,2026-02-25
TRB,15.402612792018296,0.010278532036140708,0.12669941596558854,-0.21538183077277784,0.05092574232794911,0.0450131939848711,-0.30141475275805807,46.787007178340616,2026-02-25
TREE,0.07231458430366,-0.016532670019420714,0.0972636184405582,-0.23888690791105027,0.04296187546840078,0.05106465259607593,-0.30323821808702434,45.89821860236631,2026-02-25
TREMP,0.0058916103791814,-0.050314610849083174,-0.08795396311280956,0.004444708893334148,0.0671976413558706,0.19559733629707834,-0.6152109238082327,44.08407639044114,2026-02-25
TRUMP,3.5723383119580974,0.033744870247708336,0.14067648256570475,-0.2581286765077594,0.032740477122825,0.03590626932491028,-0.3482802468498808,44.89241599623306,2026-02-25
TRUST,0.0759235486520992,-0.03448789127025331,0.016456674616521783,-0.26001668078640894,0.03552317749097771,0.043125423226908634,-0.32702748773946444,42.66787177241584,2026-02-25
TRX,0.2852394443275155,0.019141257837969272,0.03508707204569794,-0.03628670024919667,0.010274806910155998,0.01022568586735779,-0.07419902596835148,50.9511294363142,2026-02-25
TUNA,0.0171209944956086,-0.07557665054013718,-0.1168981772967701,-0.4842022645934425,185.22225829231417,167.25055328454826,-0.9991612799717792,48.525001118119775,2026-02-25
UMA,0.4746699974274302,-0.06894585372514628,-0.004004361847038784,-0.30663558053268825,0.0637656671790258,0.050348962255838264,-0.3597751937430884,40.037631401895695,2026-02-25
UMBRA,0.630581351577529,-0.08193601875215673,-0.09242576654619494,-0.6090768804606881,0.08584928203494717,0.0922478967020178,-0.6416568048095141,37.38186610310101,2026-02-25
UNI,4.016012439609575,0.14282296594813193,0.06315180990755875,-0.14759809268771873,0.07559433471438042,0.06230153589126671,-0.32628342641321717,54.1225698449005,2026-02-25
UOS,0.0063396725904949,-0.12148154370460307,-0.03118312931576528,-0.29117249435857606,0.03146951312810988,0.03644466268479738,-0.32319178562984796,32.37377928313735,2026-02-25
URANUS,0.0167267751193446,-0.01693749255941346,0.03606256962440413,-0.6369390726489266,0.07579858283000578,0.13465878103914422,-0.7336987848896748,35.00986758782962,2026-02-25
USA,2.2241630642052546e-07,0.10249715058580255,0.2300870517824316,-0.19850049966899297,0.08266912884312895,0.07734069147178174,-0.36348801980610723,50.49096072371298,2026-02-25
USD1,1.000243001268798,0.00016997278238140012,0.0006673008384863177,0.0008704524803120339,0.00044593162525350587,0.0005425395184963402,-0.0014890881816448376,55.554832328141906,2026-02-25
USDC,1.000101559205373,0.00017109861480002486,-5.6257122787006786e-05,0.0005692002601571655,0.0001220037760720502,0.00015669305695178727,-0.0003064394095977363,56.28356602590632,2026-02-25
USDG,1.0000239894697514,0.00021547121618370468,0.00016335486525975718,0.000340057058794363,0.00021578570427876283,0.0004011498411358322,-0.0009818866454683883,55.20631290242794,2026-02-25
USDT,1.0003093109394334,0.0007187129431052153,0.0005800996987275209,0.0014262781292402327,0.00019183872163994965,0.0004083546638649861,-0.001012331786043763,62.59691732031081,2026-02-25
USELESS,0.0443872538411551,-0.04982040456939252,0.44378403185825377,-0.27085562326510326,0.10951175477643972,0.09667912434144765,-0.5552662232688167,47.931428398064746,2026-02-25
VANRY,0.0055038876994173,-0.057255315786800764,-0.08621294898951781,-0.2728275833462239,0.03402144178023148,0.03741980256168687,-0.3119876710637005,36.98217756333085,2026-02-25
VCHF,1.2998060562205178,0.0038720211850515884,0.0016130888040222224,0.01058730173404454,0.003541143470206827,0.004963066237283611,-0.02073885725990876,59.10245507377823,2026-02-25
VET,0.0078716160099165,-0.019492499113283435,0.05371562921801054,-0.2297337957546951,0.042058363331654,0.045536336771892436,-0.29423783613580234,44.40662742804036,2026-02-25
VEUR,1.1809387431667642,-0.0015255325172499612,-0.005732139806600922,-0.0031907186008967026,0.0012691461073923952,0.0027978566675259673,-0.014607203306120864,48.69354899249413,2026-02-25
VGBP,1.3589590254684296,0.02687990618967606,-0.0028376965341441185,-0.0023471657676759072,0.023624896224501306,0.017023789268234536,-0.058480269129661755,53.37114577401708,2026-02-25
VINE,0.0174732921640298,-0.08619957429696556,0.020240996059782468,-0.34743987698976997,0.06567420945408294,0.05407163202703861,-0.38256566891380406,38.59843812413446,2026-02-25
VIRTUAL,0.6961577955104485,0.09546614938491427,0.3004609255694668,-0.13892178771624986,0.06473906250301861,0.06000712912623308,-0.35284238555788827,54.81465375453713,2026-02-25
VNX,0.0496394027773386,-0.00031725627595424744,-0.00029178225221160314,0.00020653888640120854,0.0001637521899023679,0.007435139737253327,-0.019837169883162198,55.74399615781048,2026-02-25
VNXAU,165.82587607817615,0.06907733220439272,0.03976101046811409,0.007824187909716063,0.016526304085001553,0.02608118698339372,-0.11488328584462026,59.95617651885386,2026-02-25
VSN,0.0538340036102802,0.029148830276122917,0.0318309868724056,-0.027465630696745125,0.020182293191412418,0.028880581119103244,-0.13627095515632615,47.65839766419974,2026-02-25
VVAIFU,0.000354113782375,-0.03818344773641058,0.21785944470685514,-0.19754822258543048,0.09347971867218775,0.07138521052142956,-0.3566455678460666,48.99876347254596,2026-02-25
W,0.0201035110409214,-0.006938163040608569,0.10831318827115766,-0.3141330322784809,0.046833776327515744,0.047934109321415286,-0.38108168066829107,41.5355422035413,2026-02-25
WCT,0.061894132076048,-0.006847268155251829,-0.016176775518368824,-0.22794922332080592,0.03993596870500824,0.043328365058581085,-0.2844547466985682,47.23098623420145,2026-02-25
WEN,6.2836890407e-06,-0.14895440687686223,-0.004710066599484808,-0.1420857386563802,0.05588076923983502,0.13680842921976571,-0.32754662382478406,50.24194352482209,2026-02-25
WIF,0.2141551437998999,-0.05624167264700208,0.04790388829095704,-0.3497865959825215,0.049687257929845075,0.05038728576388613,-0.39671203941340893,38.940225279630276,2026-02-25
WINK,3.56001924355e-05,-0.299863554351541,-0.2770660942169716,-0.5670904437363065,0.24383366888186148,0.18278870861629576,-0.6889408651806794,39.48541683554819,2026-02-25
WLFI,0.1187099618994498,-0.03766408280377531,0.16684795337164715,-0.2418519045572256,0.06716023171022362,0.06867697033610759,-0.4064514183288547,48.50044524745406,2026-02-25
WOD,0.0140320678205145,-0.2569826202955121,-0.18110697201273873,-0.3379123152048147,0.1406880992440906,0.1023668229813089,-0.45436143624327874,36.85543767868066,2026-02-25
WOO,0.0174162719522331,-0.00913009171227297,0.0967314811809834,-0.2887801198335953,0.06322008547343169,0.052431726205758714,-0.37926613666335796,46.81507299554727,2026-02-25
WXM,0.024301480194481,0.16930301535264203,0.01874776760681751,-0.24335420537319208,0.05588458518314771,0.06394901335782548,-0.38405547428949127,47.78572242673218,2026-02-25
XBG,0.0331045321881232,0.041513509733424714,0.10910173164250048,-0.16173358698467954,0.03878337276744869,0.08719753583755609,-0.35460271870585414,46.55374362107821,2026-02-25
XCN,0.00499567096278,-0.04619137936562079,-0.006056623027676178,-0.2138768822102306,0.03692726987119275,0.046006832213549655,-0.27352833534433363,41.37613390025539,2026-02-25
XLM,0.164265725461993,-0.004157575178610151,0.08765191058366217,-0.21361355752136513,0.04032034955322129,0.04238445998070534,-0.27918063057883213,45.791279013961606,2026-02-25
XPL,0.0954333041692683,0.0068810350498860196,0.20832888897819557,-0.22998824071765045,0.06505486991046475,0.06353664095542992,-0.4503828760753853,46.63489924527919,2026-02-25
XRP,1.4473063326461084,-0.008087421622154034,0.07468952957576014,-0.2460130362164773,0.03385184427962024,0.054757378489841774,-0.32751097546826713,45.04912953315547,2026-02-25
XTZ,0.3955648563226485,0.0008998245350826384,0.01625319388404778,-0.3048790337135312,0.03649830730070387,0.036423709215427445,-0.35037641011055665,41.907461850092304,2026-02-25
XVS,3.208986924485333,-0.013717648025157958,0.1398587127432649,-0.3919356476775845,0.04570006120526954,0.06115211620086481,-0.4720762731217676,46.36877732425827,2026-02-25
YB,0.1616597547102372,-0.033364336281338725,-0.0984845491945826,-0.3504342945823289,0.032153957203329496,0.056621851571836364,-0.3867414971341201,37.9030916897214,2026-02-25
YFI,2864.229758509089,0.004474850666970287,-0.03305961273004876,-0.13903523661332218,0.03323629829461191,0.03523952914062428,-0.21361355740664156,46.65132602615948,2026-02-25
YGG,0.0426177512242026,0.05538300219834835,0.10864254396045103,-0.32609172023790745,0.07735868332054328,0.06211125647730569,-0.39415877655757225,44.55826208394937,2026-02-25
YNE,0.0007619656504877,0.024506304216478147,0.015321496860757122,-0.30163298975067854,0.05420975263344257,0.1670058687683055,-0.5484452619866287,41.53136829610626,2026-02-25
ZARA,0.0004690428807056,0.10806737890835927,0.11510832722764275,-0.11088680611205626,0.08654669155334241,0.0881645360029634,-0.3805862841051336,48.42145333598968,2026-02-25
ZBCN,0.0022230305556534,0.06846770890508824,0.14425132531084328,-0.19729201499492832,0.04980260035141684,0.08401825044209162,-0.3856359672282317,49.61287862808127,2026-02-25
ZEN,5.740119661938143,-0.06068250896141225,0.01361643597193618,-0.3803424817685188,0.045002339886441214,0.04428822325943514,-0.4259789462867247,37.5534060279507,2026-02-25
ZEREBRO,0.0074045890136975,-0.05938823036085539,-0.022841086302033298,-0.35610689186300704,0.04968571220118713,0.05128846918999021,-0.4207276539669528,32.34121584880553,2026-02-25
ZETA,0.0546588380111641,0.02265411724456401,0.10566831771009699,-0.35800028290726493,0.049494689139249474,0.04840540182169449,-0.3310908220311236,46.240234493285115,2026-02-25
ZEUS,0.0103866651080662,0.28790307677450344,0.21554373885722322,-0.18436143947988082,98801.3240949479,98224.75506406085,-0.9999991780887885,57.87519448313357,2026-02-25
ZEX,0.0375776793264146,-0.24279687201980993,0.0196425599334753,-0.31157749151339065,0.14589356856097394,0.13166159259000912,-0.48833433596852316,37.53520988763084,2026-02-25
ZIL,0.0044159171677234,0.07094796355561694,0.07447449899816116,-0.09612007441636528,0.045113785111133176,0.09219840699160435,-0.39225367592308336,49.52603609857847,2026-02-25
ZORA,0.0201776571876999,-0.06938643309774073,-0.0331533590021067,-0.352604684146811,0.04157179883091786,0.0681965995418705,-0.38532714314468686,38.16389707196945,2026-02-25
ZRO,1.5761142637459025,0.023806525217403562,-0.36275416800764204,-0.17086560343161916,0.07963408566269034,0.10297454991392561,-0.4326782505340804,45.74890777580247,2026-02-25
ZRX,0.1139965549157685,0.04023261323749283,0.1444499219001285,-0.12163780472919317,0.04624361737550701,0.04380837988872269,-0.23674443225451713,53.658598381954,2026-02-25
