symbol,price_usd,ret_7d,ret_14d,ret_30d,vol_14d,vol_30d,maxdd_30d,rsi_14,last_date
0G,0.1529423985544562,0.03987649876089905,-0.13557215895918684,-0.22417908534141118,0.04660881263225277,0.04610108412792389,-0.28662997439581295,38.491715079284816,2026-08-08
1INCH,0.0844608511610709,0.046292768350584046,0.013918753992363753,0.18957265952409763,0.01616452989631561,0.026733629337982796,-0.05625141519286281,60.99747942953291,2026-08-08
2Z,0.0561616427515808,-0.002250310771426123,-0.09599372154097219,-0.195180510549809,0.021969817834120664,0.02254685584974889,-0.26198543586496936,34.18246123840672,2026-08-08
4,0.0125054258873868,0.311025046523856,0.52185313519164,0.4410741278489885,0.07787498903144428,0.05830540281463808,-0.143942332994191,69.28405020890116,2026-08-08
AAVE,91.31111876701232,-0.004223911304269801,-0.006267862997726081,-0.0050123329921049065,0.02902012632902695,0.03268012214299753,-0.12156531791591385,47.42649058575686,2026-08-08
AB,0.0009564152269089,-0.02359159574742209,-0.026643673173541216,-0.03111954382720905,0.007846887140390934,0.0069548551741882405,-0.03473573352578896,34.765889695980945,2026-08-08
ACT,0.0098152345403499,0.10618749887438694,0.07658818505432485,0.12199940649213659,0.048942487130768264,0.04116006815327903,-0.11670620398969822,56.2749592919918,2026-08-08
ADA,0.2001945933534167,0.15188148390675238,0.213456662049486,0.21146795452809375,0.03780485861883354,0.03459853890867109,-0.11832871399925404,65.66848208609079,2026-08-08
AERO,0.4361383003911364,0.06570790853830077,0.07030066561168291,-0.1710462607843788,0.03838651008228456,0.03674667411364615,-0.2605923653986222,48.23878135082099,2026-08-08
AGENT,6.64443162317e-05,-0.027737029894195797,-0.024276036193319195,-0.19466254966222296,0.007837553583820834,0.029640947041499447,-0.186346648270724,31.18884705700202,2026-08-08
AI16Z,0.0003437640716597,0.16671919265386403,0.14208781685462157,-0.15652077657868846,0.06947752623997744,0.07779871733854231,-0.33047056705419653,52.0185739480983,2026-08-08
AIOZ,0.046768998501265,-0.03405405563489716,-0.038156873247343626,-0.07858630439427727,0.019527640646157023,0.015828839274776782,-0.09393491793159581,35.10506287309275,2026-08-08
AIPUMP,2.66284428591e-05,-0.013996137305781087,-0.032562352297157426,-0.08004671575136679,0.00408794347601714,0.010345400128958045,-0.10061585557651864,35.818262324501504,2026-08-08
AKT,0.5055237499272924,0.08472611946455655,0.05361915976646969,-0.14011236112431336,0.0461902853962821,0.03732517312499688,-0.3125451228237377,45.79180122821121,2026-08-08
ALCH,0.0284016156245286,-0.012726173376407801,-0.043765417559435194,-0.47501572974908157,0.03352593137988464,0.09134620420112254,-0.5542903170968285,38.38592857024272,2026-08-08
ALEO,0.0158456416283819,-0.062002879545706824,-0.16441410035657122,-0.19578597442572454,0.03350323905993226,0.026650014741339545,-0.19064493589587506,32.87911053773398,2026-08-08
ALEPH,0.0098402338702584,0.01954265049668269,-0.03681855676574308,-0.07902409739243488,0.010513984318491211,0.01618098977584795,-0.10334085470980181,37.65474486519174,2026-08-08
ALGO,0.0873714975029969,0.10615926158199107,0.03631707677371909,0.02796204790586221,0.029112129542010978,0.022363167863084808,-0.1106502839411837,53.838673523228564,2026-08-08
ALKIMI,0.000864297026962,-0.16232842082866383,-0.22521053173204564,-0.12629303233814104,0.12383253048213089,0.09520845857149444,-0.4186005848455895,40.53785138890937,2026-08-08
ALT,0.0059524500115464,0.02423971735142172,-0.02859991490832292,-0.0389154876426564,0.018127192795106183,0.02214766141588683,-0.15030035759400007,49.27443760331727,2026-08-08
ALVA,0.0021089023141785,-0.2223953137793785,-0.2665010191079342,-0.41580233314646453,0.055430662322339966,0.05805921328697619,-0.44731631839056074,28.327435890426997,2026-08-08
AMBIOS,0.0006345943616039,0.01015911692629512,-0.026436525236578468,-0.09638153836631491,0.012597409194765475,0.01549610731216857,-0.1131103458965147,37.625018301381026,2026-08-08
ANI,0.0002407576753862,-0.07722487133675482,-0.26653531076256654,-0.23347648765676032,0.0518300411722998,0.04913567541143782,-0.37083087911135215,32.43891088867815,2026-08-08
ANKR,0.0035224460854717,0.03311618232321223,0.01186662713020592,-0.0004990090664745983,0.01455940254306256,0.020208529343841795,-0.1387806616175351,50.21269698017396,2026-08-08
APE,0.1331888485664365,0.013689953232634888,-0.07250472286475396,-0.17717380945513972,0.032633095204788416,0.03259690778953744,-0.17949785218174086,41.498561318114106,2026-08-08
API3,0.1941281044798088,0.02169324503972625,-0.1333979521555586,-0.12490475573375737,0.027416882995213474,0.024381464265953084,-0.18914240979092567,36.24981068452891,2026-08-08
APT,0.6099535009895184,0.09579520973180777,-0.0056707179842695465,-0.028384333056985733,0.027868868747434727,0.02387585667202417,-0.13423197303665368,52.592411988524034,2026-08-08
APU,1.97042946363e-05,0.0886866679225089,0.08641536385840243,0.27093485906956105,0.03505555483023349,0.04034282680953544,-0.10743255748157099,55.451443634710515,2026-08-08
ARB,0.0796461242751722,0.017703719722164335,-0.03661718022280358,-0.07436634733552183,0.018546716458386573,0.029974470376515475,-0.21609014018598582,43.4438200066292,2026-08-08
ARC,0.0590446369401481,0.0984016111574435,-0.01639024776919007,-0.2556771622532814,0.05629292743602195,0.04440878877057011,-0.3673122692791072,47.8433171428409,2026-08-08
ARENA,0.001436994925817,0.4844377876876793,-0.02235753225556647,1.4972565804371465,0.11853894908951375,0.16960742811043353,-0.44691457539972346,62.82217384528419,2026-08-08
ASTER,0.608536553177784,0.01621464288524077,-0.02708459325441137,-0.018401476137401174,0.011679453635485936,0.011435967149973768,-0.05848555556533708,44.50704395783278,2026-08-08
ASTR,0.0049096375260902,-0.005448999953739264,-0.04172588303399871,-0.025018946769589268,0.0167550137044452,0.017457643714218193,-0.10516627577926752,42.53933109127086,2026-08-08
AT,0.1547869888365118,0.09709995676088545,0.12761369149647073,-0.013659281535410184,0.03932807077347285,0.0322078927847097,-0.17192719412917135,62.850194219182875,2026-08-08
ATH,0.0040993102578888,0.04154267642437248,-0.06540293453336943,-0.02886072527780814,0.024762922195696868,0.03110974891877243,-0.20499781650225868,45.9395554164376,2026-08-08
ATOM,1.3890751294382986,0.12806544154045962,0.005656353046640028,-0.10165333474758287,0.0307613651757597,0.023547618190279097,-0.2299551878088042,47.59796377939531,2026-08-08
AUDIO,0.0123269039441791,0.0017426861954763506,-0.06824169341175512,-0.09736012222888979,0.014821396574848237,0.01211650914339778,-0.12183175280509051,37.44088642443122,2026-08-08
AURY,0.0146395544325136,-0.00987492808492818,-0.1873086178527097,-0.45226885796566807,0.03576892185972292,0.05202529643782721,-0.4394928666814357,30.649125004450113,2026-08-08
AVA,0.2075631758044919,0.2063008319540074,0.25693657876516407,0.23926724370886676,0.04663743469309886,0.038992035281448977,-0.12489590311369414,69.68263439194993,2026-08-08
AVAX,6.544546012022588,0.030328468698519018,-0.019900681362943318,-0.02367892414128714,0.01941461555732181,0.024565548066185872,-0.08318956576653569,48.6564076979436,2026-08-08
AVICI,0.49220802930928,-0.09039537440564327,-0.1046009658237047,-0.34145534851572856,0.027789191888365334,0.03551830770301022,-0.3397000422028742,32.00973756561967,2026-08-08
AXS,0.90360950343339,0.08384510234899523,0.015070720274974025,-0.09385891359884835,0.022849378976046185,0.021752619861085353,-0.19156518951198753,51.087186549702956,2026-08-08
BABY,0.0126975117620967,0.05201704732354395,0.023994778923426052,-0.043238560208683,0.04828639650604348,0.03585928064550559,-0.22401447803266739,54.05109475542835,2026-08-08
BABYDOGE,3.38449082279062e-10,0.11077636114246725,0.1101507322951778,0.1531178928370973,0.020939397521661397,0.026519506871132283,-0.10400020914126873,66.62499140793886,2026-08-08
BANK,0.0400711063275001,-0.26700443856368006,-0.8876896475426993,0.13282574079504839,0.2191555388176132,0.2831362956188285,-0.896526927103142,39.81522725951449,2026-08-08
BARD,0.1107063651507386,-0.011381725642597096,-0.14057147232406442,-0.12683213618721723,0.03574857558586821,0.03185002897490072,-0.20226168362756436,36.781059179206764,2026-08-08
BAT,0.067328679015089,0.019399526118773158,-0.10597394859475762,-0.19726543316855338,0.022528849010944152,0.019190515637551628,-0.26047182412306347,34.237847092322596,2026-08-08
BCH,217.11733986223575,0.044243221178414505,0.03524326847377823,-0.07853236009000508,0.02354604513977654,0.02504472191258759,-0.163583286973649,49.909543671685654,2026-08-08
BEAM,0.0014047287252731,-0.02549144671664172,-0.11630396813972599,-0.11209277225922587,0.023582535431382678,0.036986986084521487,-0.17290929394379395,40.24819920353749,2026-08-08
BERA,0.1607693876280467,0.048566047647451205,-0.1359905365935341,-0.18451278353843847,0.030367023612075116,0.032539019991369725,-0.24470606008795437,37.27783124032414,2026-08-08
BERT,0.0093765021719767,0.09101671367046382,0.032106969425776954,-0.048975299268496086,0.03943963109002313,0.04470015983002813,-0.22784218733181005,45.889704889440594,2026-08-08
BID,0.005567397380222,0.022065368606160707,0.013614888378317369,0.055475994501631654,0.009920213064447628,0.01686463370213628,-0.054902878806737276,50.47529664716303,2026-08-08
BILLY,0.0010085204511765,-0.15427161861157634,-0.22365334502431544,-0.29601278160070665,0.08380453217352624,0.06983693168762604,-0.3342889828082055,37.84647141496474,2026-08-08
BIO,0.0248789550064019,0.11094544113602711,-0.0683729044022301,-0.128720936344909,0.04661073763808672,0.0385474885167314,-0.23397099760715778,47.27238565289122,2026-08-08
BITCOIN,0.015003731997901,0.7436685858052559,0.4526626900605675,0.1698226244705785,0.19310142191100355,0.1336194193757135,-0.36220902395735655,63.25566967760508,2026-08-08
BLACK,0.0017418982279556,-0.07387001071326227,-0.2220368367911132,-0.3434414521300242,0.03642478317080868,0.029302446107189156,-0.362904998188313,19.791435714093282,2026-08-08
BLESS,0.0142910835038876,0.44987987498362436,0.8245836294022704,0.8446133798782813,0.3857715085984948,0.26806084641030603,-0.4807835462223766,52.56830966929606,2026-08-08
BLOCK,0.0021838838267065,0.08429340523753326,0.07237797595983886,-0.10800408039406206,0.015979230604764857,0.031064902773074027,-0.25408162581491534,44.29241883043748,2026-08-08
BLUAI,0.0180903595355512,0.5676589590063643,0.5085264514123602,0.08960518127246009,0.12156194063590624,0.10166231805371923,-0.36484676758335766,72.54319458140928,2026-08-08
BLUR,0.0138707792740558,-0.015082604271693278,-0.06654801603646177,-0.26796001595345476,0.024115329198275505,0.026943713748192145,-0.25294503582752603,40.89528284550795,2026-08-08
BMT,0.0132266886432276,0.11124060861751661,0.09391082345188262,0.09390526669112575,0.029651136728604637,0.026484889395123272,-0.12194702867993568,61.90622718173837,2026-08-08
BNB,605.0232568658904,0.04730826951696643,0.06675738561690037,0.06247701254838489,0.015501343833002187,0.014628458069483614,-0.03678981469653042,60.98517873836964,2026-08-08
BNT,0.2685045328115044,0.014725159555510237,-0.01810000225958386,0.014699344804368408,0.014587280091557544,0.019045849869465177,-0.08266797800936021,46.88605064443071,2026-08-08
BOME,0.0006304835997564,0.10162424002657633,0.4367650588167893,0.5366520084271571,0.05799277176648957,0.04497802779819512,-0.077540955746077,68.92394373177457,2026-08-08
BONK,2.5297615259e-06,-0.0907184879662265,-0.1690164885945894,-0.3672085558773649,0.03847480437626668,0.046097132393034326,-0.4067105774091745,29.697596052541826,2026-08-08
BORG,0.1477609441968859,0.05127795714123584,-0.018258833485203074,-0.084360890012118,0.020077961794644595,0.019266299918725433,-0.13269138806423364,46.12234038334996,2026-08-08
BORGY,2.65860489434e-05,0.06293380754805988,0.0023640912792257662,-0.06375550371758221,0.028403558705817997,0.028043337508647233,-0.11651284899023506,48.80772299726935,2026-08-08
BREW,3.2314808492e-05,0.001939814194316547,-0.019324106542512154,0.016212827297140908,0.0188665200448156,0.022844959241679737,-0.10602539170895797,46.936195207149076,2026-08-08
BTC,65040.81938368479,0.034948916743239744,0.013886484457106496,0.038262383860676596,0.011407680049673767,0.014765395370930391,-0.056019836614765284,53.82787690703544,2026-08-08
BULLY,0.0001551020312577,0.03825448336023052,0.043870296835389455,-0.023675756876877174,0.014792991791650377,0.014767755237382848,-0.06556036982827962,55.65767950084814,2026-08-08
CAKE,1.4376895457683136,0.01988964033731322,0.027456493555043204,0.0509489826443168,0.024083171538075734,0.0196902488472732,-0.05379535563102367,54.6130793708906,2026-08-08
CARDS,0.1437080506068295,0.04458704071299935,0.20630834152807664,0.008655909085233171,0.10425435585975475,0.1072374416340925,-0.34460990567937555,47.09744553894935,2026-08-08
CARV,0.0314409795972903,0.13271825348798605,0.014448233711669811,-0.0514729856392242,0.04044069598913942,0.03329916211131543,-0.23334176221101843,53.94614748289977,2026-08-08
CGPT,0.0195035088664721,0.03982021740746511,0.04718636720085212,0.055294743699594306,0.02335147349704852,0.022520758497416377,-0.10122270116616072,57.7600482764144,2026-08-08
CHATOSHI,0.0005651996860212,0.03936019779666933,0.0059291637745833015,-0.025724608075309185,0.016462968863867118,0.020271609697121617,-0.10955518492214411,49.01801599027648,2026-08-08
CHILLGUY,0.0105667703240378,0.10505278906596649,-0.15409738296840403,0.07636252752113637,0.0653690177515599,0.0680089104492954,-0.2980169389696552,55.55756925992788,2026-08-08
CHIN,0.00015117735188,0.022398973746774242,-0.025997059400117095,-0.05778851221591075,0.008366703531134221,0.013380852728905985,-0.08549787383979568,43.55016689154852,2026-08-08
CHONKY,0.000289835226283,0.0630088037396741,0.0799129312689395,-0.17442891638904667,0.0349815294214204,0.037604861414151605,-0.22311484418478877,48.64181146185577,2026-08-08
CHZ,0.0135871166055064,0.05141946205069803,-0.04046827837463196,-0.1980064078021192,0.025816903666292967,0.026908474116779022,-0.28406407290447855,41.857942847311826,2026-08-08
CLOUD,0.0214191699578213,0.09278122819028933,-0.015423012171685957,0.09505414715490024,0.05555092083578571,0.05738830884910359,-0.2122057695825167,53.95031464717858,2026-08-08
CLY,0.0002955508026485,-0.0019236195290732727,-0.04483231889767081,-0.07608920824314891,0.023745914832691492,0.02623649552829587,-0.10380779834105225,43.63820857500839,2026-08-08
COAI,0.3622196338978997,0.08679944309387921,0.14934130672753976,0.16134273331934446,0.047545371139199606,0.04328916150453519,-0.12056854117376914,59.37170355230496,2026-08-08
COMP,16.77512086375297,0.011441875726082351,-0.032267420729538254,-0.006514507449142171,0.014323500407218349,0.01616916503178131,-0.0743930834202684,50.478797425768676,2026-08-08
COOL,1.23233767431e-05,-0.015899011052378786,-0.03297091775439076,-0.07481343226955517,0.08021144399372844,0.07534031632962143,-0.19242930835250305,48.738188053477714,2026-08-08
COQ,8.089126751744447e-08,0.07248916080117374,-0.07189085707517162,0.029729522226315197,0.04195621833457183,0.05906644658353666,-0.18142257974904263,48.22903560522123,2026-08-08
COW,0.1077841370002462,-0.06463258996511212,-0.18078867188787473,-0.2105595291129554,0.024063970912261826,0.03118071975900281,-0.29234770444116065,26.10869849112656,2026-08-08
CROWN,0.0026586822819985,-0.20082074780609804,-0.4338611065504029,-0.30274258185381664,0.09197839188761116,0.08789781084424057,-0.596889871533501,30.28974939738133,2026-08-08
CRV,0.2274133551816085,0.1321851033223287,0.1226552301624575,0.14046698530797563,0.03677067869201407,0.03191231819975313,-0.10744807839477855,60.75390345413583,2026-08-08
CTA,0.000353099095294,-0.12807093538715808,-0.0701885654005342,-0.5137629338292276,0.0789545538120416,0.14220755538632243,-0.6667370547215727,17.962278234303028,2026-08-08
CVAI,0.0001688046877029,0.026942337240797087,-0.05418802956924185,-0.07714032401865412,0.015196360940573434,0.014027096323989234,-0.11953025373970161,43.32056349076124,2026-08-08
DARKSTAR,9.1692753927e-06,-0.19043652606558314,0.3360535293434186,-0.29228662765143054,0.27282381128818123,0.19691649119694324,-0.5282237500648836,44.70300182627083,2026-08-08
DBR,0.0141996583703875,0.013371737247737103,-0.02132473701069293,-0.12272536130698175,0.017297093275123507,0.022735832283414737,-0.20650283895319643,43.212813345860724,2026-08-08
DOGE,0.0711203410438386,0.016986049138264514,-0.012438201013620698,-0.020655859657612297,0.011174452408979584,0.0189545490844315,-0.08331086928900899,45.96777525212834,2026-08-08
DOGS,3.64976828938e-05,0.05246089887688665,0.005204753585624555,-0.04614834255272349,0.021787126289835087,0.02598029843897495,-0.17083019701082802,49.84478226295298,2026-08-08
DOLO,0.0237634968406365,0.11020152128899441,0.04584099376356998,0.022585863753464608,0.032636862986554334,0.02716225336818187,-0.10886284955407843,59.7373427313022,2026-08-08
DOT,0.8174225633955938,0.05257987604696357,-0.0052569543341352,-0.008874715054375648,0.025027977055849176,0.02726931489645253,-0.14154641074802266,47.40368149783225,2026-08-08
DREAMS,0.0020783994748189,0.07184911584759757,0.08516087081571322,-0.30713329842638026,0.060786632678864576,0.060112494728380615,-0.41210972882162666,48.75581433366462,2026-08-08
DRIFT,0.0129663958015679,0.07387563013161857,0.03827288185413069,-0.12164246375822352,0.05590891768124808,0.04346708221304453,-0.2542820440618885,48.35682462761734,2026-08-08
DYDX,0.1160815468061188,0.038568339422744735,-0.06299741157788785,-0.13669866217237847,0.0283570135293541,0.029205662136814064,-0.1919110059147615,43.11100387587143,2026-08-08
EDEN,0.0433239726892528,0.1759244082714162,0.022103485653833133,0.013363493398157233,0.054474906151024835,0.04422064657098705,-0.1888046371107306,52.95638322053407,2026-08-08
EIGEN,0.1778172373386108,-0.01201897324659873,-0.13127882868959273,-0.265323078443341,0.0322279884520136,0.03089021030921095,-0.2756521103319668,33.63915473910171,2026-08-08
ENA,0.0907784014382082,0.1218145674403126,0.054925771271829626,0.19282734046125372,0.04398119628687816,0.03815696030781436,-0.13348663138752848,53.2423077516715,2026-08-08
ENJ,0.0255024155927851,0.027039469881585232,-0.05146239564980515,-0.10040778823923124,0.022883675807657593,0.019443153041843873,-0.15525198223464387,41.3155719390456,2026-08-08
ENS,4.312570431475096,0.016174878825303773,-0.005897394612741524,0.048903009794049934,0.019474301594910384,0.02776704752449012,-0.09531788262126273,47.83989092527473,2026-08-08
ENSO,0.9573148492965876,0.041990981445063635,0.18092170739900593,0.334318483880395,0.03412451969379454,0.031496144076639206,-0.07551287176503585,65.4100439469317,2026-08-08
ES,0.0012956094171374,0.043629090891284195,-0.13006617078895066,-0.7512082469306545,0.1094150950193055,0.10487163653653647,-0.7864316363973778,14.105365211384907,2026-08-08
ETC,6.553437454339078,-0.005421324533818606,-0.01961930407326662,-0.061318873552809294,0.02602643849453413,0.020712575483270504,-0.10243044696285974,41.19291857144226,2026-08-08
ETH,1921.104857010668,0.029427432011565502,0.02945001669893199,0.10580053832918312,0.013689755039909544,0.019691501906286917,-0.04703742142711875,57.339449528829576,2026-08-08
ETHFI,0.3819648723825662,-0.04260302619739853,-0.06809759831139006,-0.03766140087545944,0.04278058969962586,0.04394867419943041,-0.2305950260389853,45.06469163914806,2026-08-08
EUL,1.2038054790698085,-0.19833469502884193,-0.19428908749144735,0.1983797620161991,0.18937152623465248,0.15328986803721548,-0.49255196101917653,46.23945150411567,2026-08-08
EURC,1.1556092025894296,0.002801290828455816,0.016710233281878262,0.01080511232525927,0.003552344899646541,0.0027264495868668504,-0.006359733274727164,65.97223899540587,2026-08-08
FARTCOIN,0.1309610178911998,0.017884385924411328,0.07082430501791914,-0.09251193376716149,0.03404135639790048,0.0366806492123708,-0.2044637404315105,49.372203304019806,2026-08-08
FET,0.1392529105301315,-0.009806165735645855,-0.09429913131830325,-0.12365921380346767,0.03528048326036739,0.026402701601346494,-0.17552362384970466,37.4641290064067,2026-08-08
FF,0.063905168184812,-0.012110425632341215,0.06227449681774133,0.08703275692284329,0.03187459125983717,0.033101053532975905,-0.12402714679059079,44.72166757642577,2026-08-08
FHE,0.0267490670095662,0.34069261463262057,0.30610532400435053,0.6077414858648909,0.051284008978779216,0.05867123403767125,-0.13854007895985332,69.7507631033938,2026-08-08
FIL,0.7178586077672431,0.012696863933793878,-0.007046075505911187,-0.08965990421047076,0.03274956811984271,0.029046329208866583,-0.16526453738000968,46.646742156491655,2026-08-08
FLOKI,2.12724550408e-05,0.041326846296185105,-0.02740324020619911,-0.05823541526362752,0.01797484957517989,0.02024394410805401,-0.13136068671082013,47.59566474120675,2026-08-08
FLR,0.0060465878590884,-0.02154118593478438,-0.05748564430687575,-0.08343434695085694,0.015122671770626988,0.0200557548061903,-0.12877466137422133,36.88295724209412,2026-08-08
FLUID,1.2371399514949055,0.04976645302761917,0.07936157548372225,0.21835822937592697,0.04977286682459089,0.04148623291586274,-0.0870874876528962,58.52547860815687,2026-08-08
FWOG,0.0042926497204657,0.04498078135441452,0.16042675738810686,-0.05629819363281696,0.035007637545788554,0.03340631562392418,-0.20040881238288688,50.4653157831373,2026-08-08
GALA,0.001821379338324,0.021140227256835287,-0.08665474325590061,-0.13839995255707283,0.019571404950880236,0.02006326508445534,-0.18087879858471023,36.293344799719044,2026-08-08
GEOD,0.1831496186559798,-0.1397753286609087,-0.09576096449916915,-0.12024549717515776,0.08867903826495085,0.06119478165739855,-0.31446888831062003,44.028510295104915,2026-08-08
GGP,0.0062384331242325,-0.11648518252315532,-0.3925103285744972,-0.8015797045864334,0.07724886968612538,0.09440688000976455,-0.7981770479874879,7.843370752953803,2026-08-08
GHST,0.0442742319348777,0.002153072824293334,-0.007138341417259331,-0.2282927055400712,0.011750467234810782,0.026692298541276246,-0.25350453470723977,34.39005464521702,2026-08-08
GIGA,0.0018734371633397,-0.04323450457489286,-0.06488039604009321,-0.19198279862310919,0.025804818716817723,0.030546298574930113,-0.2422290451151069,34.512478369312404,2026-08-08
GLMR,0.0084024495605644,0.09944571868325447,-0.0033430290420470854,-0.026390640627679818,0.05270990179844516,0.03780610125966159,-0.17576576333291238,51.106534627465926,2026-08-08
GMT,0.0068099789745528,0.027174443413298777,-0.05519169025486681,-0.10443809509690782,0.021795034519775477,0.02059637732476619,-0.17534312176984157,43.14377066873412,2026-08-08
GMX,6.505634777516955,0.10307927666935601,-0.025585571059885015,0.09952213667113097,0.02800888256600336,0.031199453414642222,-0.16504617439526004,54.13967803400605,2026-08-08
GNET,0.0025220651655931,-0.04742633403185681,-0.22695757410224382,-0.38327586368122657,0.02766042314465518,0.023049147692619943,-0.3960869917953236,17.352965747260058,2026-08-08
GNO,106.61613501691988,0.014331901053602936,-0.0020999121717549807,-0.009431080545397319,0.013683482489776157,0.021248008538614124,-0.14203510214677417,47.3979573063052,2026-08-08
GOAT,0.0138682306248411,0.014332768012431218,0.056909863336140454,0.03707110453879259,0.02918362947839487,0.024618762082774456,-0.12208351058518396,55.49606963724886,2026-08-08
GP,0.1246299880296756,-0.08400090730414245,-0.1602103375834758,-0.2448714097296203,0.030026892147906655,0.031801853581875004,-0.28487695521065215,34.39561142485118,2026-08-08
GRASS,0.3024318678927928,-0.01900924770161383,-0.10445617054752743,-0.166142397223091,0.04287620308402338,0.04613596869155901,-0.2718195181488374,37.88162627005069,2026-08-08
GRIFFAIN,0.0105428070646011,0.2730800572443459,0.21041762406239095,0.2101662434380045,0.05859091624789897,0.044472281404212416,-0.15938603123312622,67.11706433923453,2026-08-08
GRIFT,0.0001271457371839,-0.09881660456718255,-0.052902410262642086,-0.1896527985462746,0.04500671266369892,0.03534458453522758,-0.21199242684787734,39.18670358589116,2026-08-08
GRT,0.014518860857437,0.00025329987393751807,-0.11327584306002636,-0.16753031307294297,0.017940238855384677,0.019932534400422516,-0.20756917972667188,33.56199133971049,2026-08-08
GUN,0.0031332196503235,0.05623241305350324,-0.1234062452222765,-0.21758649423580767,0.04098821596281162,0.03657548615856219,-0.34454475093695347,38.06984524014469,2026-08-08
HAMMY,0.0002371692744485,0.036727466498542194,0.066501034077324,-0.06473045662609,0.021853216426339857,0.03150931347324541,-0.1875428033620372,53.43752534300399,2026-08-08
HARAMBE,0.0003365565453798,0.05959100471153289,0.08998845483337892,-0.10118058917237194,0.034115720866383537,0.03627708242797498,-0.18705275380111341,48.11168514415663,2026-08-08
HBAR,0.0696907011925965,-0.0011513927394938284,-0.009492698975708147,-0.0008318524097231661,0.014837526915321851,0.02129604074115128,-0.08525891629735449,48.27657991022203,2026-08-08
HNT,0.187721071743393,0.026682664269372935,-0.03509671542966042,-0.157574011237544,0.03441010022528498,0.02694621564492443,-0.1925549050583304,32.57204092915613,2026-08-08
HONEY,0.0006116681923742,-0.1750356532649695,-0.30049821072591154,-0.5746294634502989,0.043908427268084645,0.044319884115626124,-0.5455491370246527,19.849309512966798,2026-08-08
HUMA,0.0202388019978022,0.05055868346108805,-0.05668343539029941,-0.10323971869005999,0.04077402573519356,0.03788161999546808,-0.1945657641356816,45.32044347045209,2026-08-08
HYPE,54.92471145578247,0.04648327846729838,-0.05042726579443946,-0.1831634542480831,0.025556138404332702,0.029270147702880594,-0.23057215745309811,39.550078525573326,2026-08-08
HYPER,0.0650560807545703,0.1289154414571103,0.02273279603444278,-0.018242012051026157,0.060265806075357496,0.04427159197504917,-0.20673914948365568,50.16442446699836,2026-08-08
ICP,2.1702524700801846,0.05275937379635676,0.014746140152228415,-0.04178802769585621,0.016550414519493104,0.01682093906566404,-0.10655357776502261,51.97410315429355,2026-08-08
IDEX,0.0007446959288971,-0.31639342363351486,-0.3836411951778408,-0.5423501979495821,0.4443597295854238,0.3395014799523344,-0.5913566163565273,44.021756002766196,2026-08-08
ILV,3.097770631003105,0.05900882365696303,0.06888886886808909,0.0021879961549446936,0.02985511200975034,0.02537388504240999,-0.13568865813785735,55.006504301943856,2026-08-08
IMX,0.1120528707377282,0.02220006139949171,-0.11462639493119786,-0.18577295907415214,0.030634608936543874,0.024673465373254568,-0.22584990055436593,39.48912484056934,2026-08-08
IN,0.0346729382084304,0.02739287249268685,-0.1338992154356281,-0.2437155875565047,0.029247642493124615,0.027529023675831574,-0.3258796598963868,40.61457071288629,2026-08-08
INJ,4.455737601111453,-0.09749146145832666,-0.1124364930270394,-0.08602522292260106,0.028728330778941186,0.0286803197182909,-0.16253951843450576,35.46675957183399,2026-08-08
IO,0.1212084847136665,-0.09398816113165276,-0.15558653569929037,-0.27870790865037054,0.030569962245064575,0.02944120725968901,-0.29278722788879263,34.045158120205386,2026-08-08
JASMY,0.0040707627429707,-0.07449665972323949,-0.06808734170988162,-0.07352035104359,0.021757370162339234,0.022831187189664287,-0.16002652859930921,36.69768385075638,2026-08-08
JELLYJELLY,0.0563334839271078,0.007720521164010785,-0.007783029727297719,0.01891787603150341,0.022018041672231474,0.020019901592863956,-0.06634166761568672,50.037568388476885,2026-08-08
JOE,0.0261696063397636,0.07899527036118492,-0.10206955967368037,-0.08095630456492442,0.03452078044524374,0.03382426070250186,-0.19932857129373238,48.104539454126204,2026-08-08
JTO,0.5030381395286369,-0.0006773454636760379,-0.15745750103063227,-0.21266084408196317,0.036575506780332015,0.039096835120856044,-0.2612301589944558,39.07300646197386,2026-08-08
JUP,0.1844541633049292,-0.03412047126217488,-0.009645875237340062,-0.10743322933475752,0.01914596224415355,0.024006193236493653,-0.14426091991409606,40.4726101340819,2026-08-08
KAITO,0.711093462043211,-0.37889942931376863,-0.2359884180620252,0.054092736989301615,0.12889907256403443,0.10163810698944895,-0.4716298684997,38.44974786648188,2026-08-08
KAS,0.0267351820370046,-0.008944654589773449,-0.038303283418405165,-0.08368045515097555,0.02175394613354216,0.017769947053018913,-0.14453135189498534,39.84653161706276,2026-08-08
KAVA,0.0408280543386681,-0.0035011091954186835,-0.10319300548123977,-0.08454784821478645,0.012804158525348844,0.0125023501705883,-0.11679285619344959,29.87989166992928,2026-08-08
KERNEL,0.0335234686183268,0.03484193110463707,-0.0431224885537802,-0.15200204927401406,0.02485058624920375,0.029965364680760647,-0.24016729940267245,42.56541585553311,2026-08-08
KET,0.0047413461372169,-0.34365834009436314,3.6563448735811246,2.541220881622345,1.9420687231307243,1.3256826237377943,-0.6432509839879234,51.59894900016723,2026-08-08
KIMBO,1.9237486368e-06,0.05790095308770549,-0.11052101661592018,-0.06025185971346381,0.051155573326996044,0.043687160328879544,-0.21808784443894724,45.180117551868726,2026-08-08
KITE,0.0986362850433357,0.04448714687388278,-0.046790039778624726,-0.12878796339567267,0.046291235296329614,0.05411940062879687,-0.31223163795285735,41.67601191060112,2026-08-08
KMNO,0.0181997938565036,-0.0006403001093017169,0.029638942435189275,-0.09025550324849607,0.03914340805684009,0.03043191388839904,-0.1084387051536525,47.42432190398469,2026-08-08
KNC,0.1031967323909897,-0.009131121314301271,-0.0741062913597077,-0.061280491428291284,0.014174070080810683,0.01422592127299711,-0.09278736976877489,36.22661398466176,2026-08-08
KSM,3.1252972642670094,0.012035709448019904,0.007638914387131601,-0.036829606270650905,0.024257078946878317,0.021498670317581292,-0.14333869170131508,47.19772954016084,2026-08-08
LAYER,0.061719662729825,-0.00016540542968601635,-0.04614027736725801,-0.06496856840102816,0.029307694597522794,0.02221440178099001,-0.1359651478776257,38.52473409111137,2026-08-08
LDO,0.2926902028325905,-0.0994871352132648,-0.22475604954280304,-0.04950337354359846,0.05610860225999874,0.052269749587565056,-0.31177443710769315,39.80740433289812,2026-08-08
LFNTY,1.1445727869366866,-0.002462840841734537,0.009083738973800326,-0.0005838987466419976,0.006545147939794929,0.005214582276489806,-0.01711356659072827,49.767064310227354,2026-08-08
LINEA,0.002223651589726,0.00504770898734086,-0.083580045928899,-0.07560015504767348,0.022804839428281612,0.020625455676083853,-0.11893367016436396,37.44859401804703,2026-08-08
LINK,8.333587728782993,0.031275746266471005,-0.007523775086582973,0.08326555187752249,0.019598529092904708,0.020331843423624676,-0.07183120979342539,51.344370682966925,2026-08-08
LOCKIN,0.000978687031769,-0.032383802187728405,-0.15563296259284431,-0.33561245628997405,0.056885037043902194,0.04534687082977234,-0.3548492666832076,35.65941059624339,2026-08-08
LOOK,0.0002895521074968,-0.04629874259562683,-0.3962179529307909,-0.5294164200029526,0.08701714835093886,0.10973905712408905,-0.6113194942864119,32.65032339988163,2026-08-08
LPT,1.2758991534635615,0.00672157729224776,-0.10166177922479547,-0.17427407026489894,0.023556399837510393,0.022342379716405552,-0.2211242301842018,31.566883051708558,2026-08-08
LQTY,0.1853627492390713,0.08983712662388643,0.03120493032835947,0.05107266255514231,0.04301532099345704,0.038576606855838864,-0.17484110328324076,51.99484555820493,2026-08-08
LRC,0.0100459178326869,-0.0472487410651542,-0.12884042957919795,-0.09498647909399593,0.014888734613430914,0.10977798831820987,-0.4059867237448559,36.68156864215551,2026-08-08
M,1.1390288230360313,0.05271849389970362,-0.027170441660125277,-0.05100117335505128,0.06758971802079357,0.056234543363704946,-0.25125453943399545,41.996500744192375,2026-08-08
MANA,0.0672049694331029,0.015177659956960632,-0.025380383762214298,-0.07263762761742043,0.016625633932007743,0.020105455337138946,-0.09960943528916633,47.084323067964526,2026-08-08
MASK,0.3671379625435327,0.03572268425994407,-0.013600320979258895,-0.11138800220825185,0.02377637633779788,0.020355840343880494,-0.16064781382791837,47.965932322582496,2026-08-08
MATES,8.9001024027e-06,0.039971474023329234,0.029161077167718652,-0.08431429778796184,0.011820476915179049,0.018640503508170956,-0.13122633798147243,38.29023254369757,2026-08-08
ME,0.0612240102922416,0.0293371717239288,-0.06536575274342704,-0.0031557203456680227,0.022971139739625147,0.022141230232718776,-0.11002375829817812,45.55724929161316,2026-08-08
MEDIA,0.1048226955081867,-0.1827755786085974,-0.2382911227029093,-0.2526224825019693,0.029402495612618346,0.022166813943313213,-0.2749450809310635,9.730371609177027,2026-08-08
MELANIA,0.0767342096384594,-0.014073395165265956,-0.034891823637399844,-0.05463927486790687,0.024244136616171655,0.019743162194398173,-0.10706547834730984,43.356889246908324,2026-08-08
MET,0.1736348211836666,0.004587361959493386,0.061945975060186065,0.08531273053904909,0.03867321901133741,0.05616621359785473,-0.18070632681567866,56.873687520319734,2026-08-08
META,0.006784787370646,-0.03033479750279855,-0.14396804874618352,-0.1107490000211262,0.0183634535050419,0.01618669937991272,-0.16315909094601067,28.81326185099971,2026-08-08
MEW,0.0003432520398775,0.03087098884771189,-0.04411655200165343,-0.052817702529557864,0.0281896281469511,0.026756019379857283,-0.14548274630636093,46.82377574030507,2026-08-08
MF,0.0075382967813249,-0.03146649148355707,-0.015314367836733678,-0.01604286014883627,0.015550709363897616,0.02223910725827452,-0.07658098363140098,47.91337288171931,2026-08-08
MICHI,0.001798707543512,0.000258002712824279,0.00018827296665557824,0.00015172989498890566,0.00019013843460695645,0.00020107490697851714,-0.0010067548507669555,47.37140005194451,2026-08-08
MINI,0.0008494436225969,-0.02951520440668265,-0.014977764708041574,-0.1103807044401185,0.03629268146920029,0.029843417259146014,-0.14350320918776682,45.07844646956771,2026-08-08
MIRA,0.0427089573542101,-1.8645863692490217e-05,-0.027612790051567693,-0.02059424077909966,0.03146675717982381,0.0595112282880081,-0.23027185957371155,46.740680248159656,2026-08-08
MLC,0.0118742045343357,0.08632982449628734,0.12310900170989147,0.13242860988141403,0.02500434945683497,0.03544778180031478,-0.1200221079891971,59.89871358392305,2026-08-08
MMT,0.2028314324260675,0.06951687741817758,0.16018827346380382,0.22212046269604468,0.12880629732898055,0.09297287605617839,-0.34642052403569545,57.79902631086438,2026-08-08
MNDE,0.0186447394233797,0.03912105080517381,-0.004296698761340534,-0.020292718194537374,0.02592741537366845,0.025384846569291283,-0.0838424404898106,50.39138355592308,2026-08-08
MNT,0.4301702447378597,0.08431113079133379,0.0490326791658664,0.0010274633905722474,0.014753764584970493,0.019042071436527943,-0.126461877737712,55.9386001083841,2026-08-08
MOE,0.0072082441147801,0.083102796365907,-0.036526784238757215,0.020064572573315953,0.02422156227111909,0.032264432790137916,-0.15995726822134138,55.23230837749808,2026-08-08
MOG,1.0422750924649833e-07,0.07104174069515246,0.045171379629019626,0.010815343471081595,0.028399428548719564,0.0258628910380223,-0.09193251631519406,51.23947184874222,2026-08-08
MOODENG,0.0388998238631695,0.10159392966042557,0.04554355048891989,-0.022670645135926093,0.03207909436113458,0.029351687926181213,-0.19060581180749214,55.99181499442836,2026-08-08
MORPHO,1.9318857464301376,-0.010409752280912676,-0.030350118049297325,-0.08016201384459609,0.019878441963227213,0.02933259920352699,-0.19049337404811895,49.85286152429683,2026-08-08
MOTHER,0.0007747960552624,0.03992501445637364,0.05449772004274056,-0.12491246947190582,0.029413488314830465,0.03802287189871824,-0.2759991965865519,48.83922293759312,2026-08-08
MOVE,0.0072169771257379,-0.02967425004909552,-0.264858680319215,-0.3463074182444541,0.03573061010229401,0.028562832945025252,-0.3713933334877406,23.643076049007576,2026-08-08
MPLX,0.0235440762209832,0.05357099981017388,-0.041203858597009035,-0.24441978778807616,0.030405436316795726,0.03680529085398561,-0.2734214278104621,44.64955495531333,2026-08-08
MUMU,0.0008112198443193,16024.965018434632,14529.843094665397,16241.782314416023,5376.465396385861,3672.7856638769945,-0.8345838366023186,68.69952247439134,2026-08-08
MV,0.0001482975025604,-0.027868302492405572,-0.06349310239646044,-0.17564515977254558,0.0032205993064850736,0.005359507023686812,-0.17286403847072662,10.048150907068006,2026-08-08
MYRO,0.0024499996276128,0.2119837026882121,0.15234753593921102,-0.003357229278773688,0.11068351150087967,0.08247407337648596,-0.3057847820151922,59.79756963461883,2026-08-08
MYX,0.0753561040972741,0.03855870240979353,-0.0324238761395631,0.002401693585465603,0.05986317632240306,0.05060289643026319,-0.1976423475436878,39.79275604413388,2026-08-08
NATIX,6.77331738759e-05,-0.02147647315560519,-0.06339108084132794,-0.12288957970355707,0.03509685357334773,0.03128645393328052,-0.10359816659620857,40.74446785172232,2026-08-08
NEAR,1.6285333098975043,-0.0295100627406214,-0.08977344897188722,-0.14720662315977728,0.03129888549127988,0.028891533373309023,-0.23128500156252796,35.50495561092312,2026-08-08
NEIRO,6.55039166912e-05,0.07019315487083744,0.0964413807454092,0.051292977715094334,0.029037018316918812,0.025111404742751527,-0.1030613255418078,59.5788039442775,2026-08-08
NEON,0.0148845809784114,-0.047380061651534966,-0.2246050328153253,-0.22070945458243174,0.02707167456206634,0.022095894315691166,-0.2410816522418825,24.693196761314923,2026-08-08
NEUR,6.55618587302e-05,0.04390966760310455,0.001773444323138973,-0.07863904476747796,0.016386629616583312,0.016128094510434555,-0.13877338902958058,49.26118712171414,2026-08-08
NEXO,0.7268995914529833,0.014477984502433205,-0.017473571718976233,-0.029068590809021133,0.015247929118425662,0.018316288291125356,-0.07201608762129763,44.33684693440082,2026-08-08
NIL,0.0345859168271444,0.2158953704649178,-0.0051947819231416,-0.009687064941662049,0.10002989575201932,0.0694632607185286,-0.319651370102499,48.799625711622554,2026-08-08
NOS,0.2577088240454183,0.01772750159284553,0.00034419110722350155,-0.06378235118733233,0.0384726666448339,0.030177350461409486,-0.1077349227715354,47.2251801818061,2026-08-08
NOT,0.0003593143529487,0.0691364659166982,0.005992531621641595,-0.06045050952616937,0.022697457295133422,0.021611721211110404,-0.17866953472073555,49.5471855043645,2026-08-08
NPC,0.0057258724093357,0.13455920495159734,-0.02148702012338688,-0.0535495379083899,0.040558299157777894,0.04411303998442917,-0.2918502061800914,49.043883017055684,2026-08-08
NXPC,0.2377649989088829,-0.04795769809613726,-0.08207424425018561,-0.10125815705117647,0.02180765591229619,0.021162640733604497,-0.11669737860257279,38.435922743957796,2026-08-08
OM,0.0623679927499645,8.13153837171462,0.2459029453272752,0.2939303288245585,2.6505780097622402,2.382430541303155,-0.9090677707556369,55.46306460500509,2026-08-08
OMFG,0.1753435931769336,-0.019858823103461654,0.11915028606854206,0.031496751047929594,0.05950607268267902,0.04504650491017222,-0.14932889795507642,51.650969241636034,2026-08-08
ON,0.3369731002627322,0.2398708501802549,1.4414261224894305,2.852853055124382,0.23198532403942954,0.17355081705915232,-0.29080427947907594,66.7498248455693,2026-08-08
ONDO,0.3569432112494138,-0.07502487707094463,-0.06612404301615427,0.13632143075822412,0.0393200019533535,0.05465423784610328,-0.16644290837164677,44.80944320180807,2026-08-08
OP,0.0893142170225811,0.05404289884643365,-0.0387238042406397,-0.13129002838095793,0.020742676704620048,0.02303570466802779,-0.19948930239210638,43.5949125320844,2026-08-08
OPUS,0.000761483822285,-0.05799495982001168,0.030514170463193935,-0.22416584311080545,0.04285540041573059,0.05103642209755363,-0.2802954832887854,42.74790886790062,2026-08-08
ORCA,1.095298104442478,-0.010821692494973889,-0.077247554363159,-0.08419922717931505,0.018175241388424898,0.01760856103522728,-0.11600313785503791,39.86495233380128,2026-08-08
ORDER,0.0295429028418374,0.04409338225824766,-0.13992056248604345,-0.11155067815358977,0.03330641807777038,0.03826905439646386,-0.25245563844012187,43.82285768376788,2026-08-08
ORE,60.78184766550114,0.036318356269767094,-0.062435481437211005,-0.35743158371583117,0.032318017971180564,0.04656950334111525,-0.3750574454467934,37.6989049193628,2026-08-08
OSMO,0.0292191085715345,0.06267835744433259,-0.02103787647023425,-0.15156621466314713,0.024111398654252048,0.023425983812716752,-0.25602682693505674,45.83723520503772,2026-08-08
PAYAI,0.004026754330655,0.07945833353804543,-0.08778889302553661,-0.3480160762285841,0.05122706581112825,0.044917587743812645,-0.3681733392469163,43.696359021704396,2026-08-08
PEAQ,0.0178502338371072,0.030933203807483878,-0.024334374099638123,-0.10043668087334567,0.023664023222940343,0.032623502539366696,-0.11294143821654135,43.192841270441086,2026-08-08
PENDLE,1.4063224405173476,0.00864997300008219,-0.046522673088003064,-0.07046139011391539,0.028219828959348114,0.030725745422754615,-0.19364764765760367,45.79509093855638,2026-08-08
PENGU,0.0062797719712837,0.05761557018003027,0.02672089066020189,0.0244331529754509,0.029794755091689617,0.031476142287489864,-0.09763840837064897,52.1261489249384,2026-08-08
PEPE,2.8783456767e-06,0.03612846085129662,0.04545463711813125,0.11108798116359608,0.029185377635320094,0.03148318065096614,-0.07989619742006937,53.42047636714425,2026-08-08
PHAR,43.24247468611166,-0.01203551272315373,0.06901608450395136,-0.121885107816053,0.04711314913316968,0.05441424288308612,-0.18526889138866298,44.904246825351095,2026-08-08
PIPPIN,0.0174911057119217,0.06053626058097317,0.0446563138152285,0.027352693170347386,0.053690115185926375,0.040091925541427896,-0.11694925507326137,49.85417760292073,2026-08-08
PIXEL,0.005023802551833,0.2487430434430824,0.0785744522209253,0.06240495182576966,0.0500069574530728,0.03705624740261376,-0.17648780609826886,63.611985077245734,2026-08-08
PLANCK,0.0001679293759765,0.03144913124070392,0.3044821322256275,-0.32867416307206554,0.07735320408602664,0.10894767917243406,-0.4963542651075479,50.48930215370299,2026-08-08
PLUME,0.0118631291006731,0.07645216092790386,0.007391695927583042,0.17863895745619907,0.04799771136778411,0.039274908617873465,-0.14163400735894982,54.220421452579146,2026-08-08
PNUT,0.0397186528264324,0.008653366514277838,-0.034919236817563926,-0.06684435355786511,0.025296130728651466,0.022600538298361512,-0.12215890683995045,44.5327289030814,2026-08-08
POL,0.0756450977478284,0.04213637665133407,-0.013763982247268713,-0.0029678919025205586,0.014960888882111669,0.01735195435891245,-0.16250773651249595,47.321758644058455,2026-08-08
PONKE,0.0167726458519249,-0.08462128184834039,-0.09945855876601362,-0.23601229181813232,0.02612657227070387,0.02473843868401378,-0.29223233391954706,29.206506825901087,2026-08-08
POPCAT,0.0439069374620561,0.018640160439084008,0.02085548075798216,-0.055066475197594666,0.025475352090095358,0.026090458024687277,-0.14327709711397896,49.069711949486106,2026-08-08
POWR,0.0386772381050993,-0.027345860779977804,-0.10644288376687594,-0.10816733954270585,0.03265222900300068,0.024649303782283194,-0.14968099942373803,37.12320647152126,2026-08-08
PRAI,0.000559432255427,-0.007384170432929715,-0.015394672253482233,-0.10121119255245825,0.0042754214646683695,0.007612958354452227,-0.07641534879217649,32.76446940248488,2026-08-08
PRCL,0.0056366261876483,-0.041811792070960085,-0.09196013840581063,-0.20250396477681265,0.03220366876254248,0.025374712119003995,-0.16588849185926158,32.85537922691579,2026-08-08
PROVE,0.1565366844978846,-0.08431337366325775,-0.18783100471645808,-0.22636936718173595,0.026091021068902015,0.021876926474208323,-0.25094608549682407,27.700235811775315,2026-08-08
PUFFER,0.0129908520681458,0.07133059867114122,0.014120732668639224,-0.08296617776911852,0.03659809196758891,0.03646250588168224,-0.20924690760927822,48.66646622656671,2026-08-08
PUMP,0.0023643704089035,0.1067433246161249,0.3280522797066383,0.5939908674413312,0.06212770570559307,0.0626542065434925,-0.12023115251148286,64.54560774668103,2026-08-08
PURR,0.065248117220466,0.0869408772321687,0.010867494267867706,-0.2627891852557839,0.03611036231916587,0.041763764500450024,-0.34775781948392714,39.13199738405012,2026-08-08
PYTH,0.0396280920210083,0.012465948445179897,-0.07514964158290194,-0.06757938593021184,0.02855070732074506,0.03812285544385667,-0.2612286784959691,43.761793252985704,2026-08-08
QI,0.0012871297971709,0.01735306586862162,0.21148906156868486,0.12102943279975342,0.07912855771809488,0.05718103104798369,-0.1298747484808881,55.83345727411115,2026-08-08
QNT,59.06725710973944,-0.04214768546140213,-0.06373735440235284,-0.10653836399979966,0.013482300242835246,0.017588312495497305,-0.14156158159373222,31.693312202067006,2026-08-08
RAY,0.6417266204816425,0.06363380808612296,0.025936040819852124,-0.053458611427913194,0.018646102854579003,0.025540807896248918,-0.16775650194331948,51.173487444028964,2026-08-08
READY,0.007288456474524,-0.10023901301585347,0.023072942277018615,-0.25278901170045254,0.15045878832461326,0.11497686186739382,-0.3815520108656788,46.23863892758022,2026-08-08
RED,0.0888131701621602,-0.0043098978432585255,-0.08555170283596769,-0.16924240445490268,0.020991684245130645,0.022986390848629558,-0.2514415854215609,38.336835573555895,2026-08-08
REGENT,0.802632586457212,-0.02916410818751647,-0.10672098390496676,1.3107427438215136,0.03519843889772751,0.07783362101542829,-0.18135537253875156,61.542447744579526,2026-08-08
REKT,1.0960468046699586e-07,-0.06521346453613774,0.04388480095540803,-0.19824902940666256,0.033333578998778,0.03938356412926542,-0.2608185884074463,44.78385365073153,2026-08-08
REN,0.0033288695609053,-0.00810708976614094,0.015714227342709552,0.040065543880789756,0.021969909316200846,0.028537894997663377,-0.07038584823399874,50.93979496178057,2026-08-08
RENDER,1.324375605934708,-0.032083927265381784,-0.09276062177928324,-0.1406904183942086,0.01749282729266179,0.01688337177037478,-0.16169218412922126,29.83852213100819,2026-08-08
RETARDIO,0.0013619876502038,0.14017932373478925,0.12087186716729326,-0.1694152376138478,0.03383842010284915,0.04204066808105332,-0.29956044145541927,51.39449861432607,2026-08-08
RLC,0.2783393833631224,0.02425063453941756,0.014506454778349553,-0.04284629905238524,0.04442500545501666,0.03479806822865324,-0.18915016009225538,48.02704508270474,2026-08-08
RPL,1.5648533335660069,0.009902617200644226,-0.07049020399675343,-0.07930812047857372,0.016683471633472124,0.024971777917026955,-0.1920522006695985,43.2061462609184,2026-08-08
RSR,0.0012680601287166,0.007735961807894265,0.038216316958975094,-0.0002070757006978896,0.02885654885504733,0.028217715278726758,-0.07096095081680565,51.54544166644179,2026-08-08
S,0.0232764177471176,0.07346521467871514,-0.0055799299776025935,-0.06470811981984737,0.031424410759425536,0.025892022342685863,-0.20721780278676383,49.92345661902574,2026-08-08
SAND,0.041862215459553,-0.0021982286442271404,-0.07177254432482372,-0.14163570708378048,0.020205815455620748,0.020900833012100977,-0.17751134320180495,36.3399138649526,2026-08-08
SCF,0.000405584614948,0.17654688018537357,0.26689497123252415,0.02775701715843293,0.04161925371206281,0.10784613399874718,-0.313718622302397,59.01253371860315,2026-08-08
SDEX,0.0008145799418163,0.5054968691394206,-0.010541841265265917,0.322650484621817,0.1838563006297092,0.19757990879388537,-0.3818054680134122,60.49295353794112,2026-08-08
SEI,0.0418523433993655,0.01499360014989426,-0.04991896303426302,-0.11924694330904817,0.019567316921881694,0.021008036621314126,-0.19085024160214992,37.64634263442559,2026-08-08
SELFIE,0.0002782310689523,0.21132406702136142,0.20581028769248388,0.1554156954006385,0.0405759787332412,0.0374902419000862,-0.17925241976425144,64.55102806433446,2026-08-08
SEND,0.0527001732336316,0.029503235412824624,0.03823925491350222,0.05350343297878268,0.08285338500808122,0.08724934607501614,-0.2930586219217134,50.8158764128347,2026-08-08
SHDW,0.0156463913968684,-0.15478211082485438,-0.15536245679465266,-0.19647070811127143,0.02426266046677069,0.023864441037486254,-0.19544186645508754,25.858434683230044,2026-08-08
SHIB,4.6712538994e-06,-0.06592010717810737,-0.0410622401450752,0.09665319711666687,0.03688567849612604,0.04214109034790873,-0.10896701572435552,49.99674374141967,2026-08-08
SIGMA,0.0010922258498811,0.027530529074976773,-0.16866143981649218,-0.2828164072356476,0.04566211417791993,0.04034143150948953,-0.3511050488295707,38.09125321070913,2026-08-08
SIGN,0.0069211861216213,0.006722759025014957,-0.16691391778309494,-0.19052758332117103,0.029373072493962434,0.024758508115568886,-0.26429116149785725,33.8644319701575,2026-08-08
SKL,0.0036105439701357,-0.010445933235046612,-0.05560768755502621,-0.02004376329590929,0.028435338786160013,0.08572393346836266,-0.3327501071431903,41.07703585569367,2026-08-08
SKY,0.0544008342704882,-0.02945923657883498,-0.06619185855830423,-0.06137354915950188,0.012311696190119755,0.023689856267854283,-0.14710212119798705,37.28329945356802,2026-08-08
SKYAI,0.1207627384024737,3.67145233099912,3.315117941653873,2.31991203868437,0.1711726846877771,0.13926705972459008,-0.38854321768238687,70.85234737989434,2026-08-08
SNAI,0.0004029149333799,0.005561815111869928,-0.008504657379848957,-0.22905909064090446,0.10166352825575835,0.12904405332219376,-0.3890846411841363,45.71345755676537,2026-08-08
SNX,0.2108116850542815,-0.02909687558841345,-0.015607590500196666,-0.04617154463473805,0.021637446102538302,0.024271332109387436,-0.12409220345408256,41.644218755634846,2026-08-08
SOL,76.29404440551993,0.05003920811799056,0.027720205069556414,-0.016806702611326774,0.015621176494473313,0.01681992609668854,-0.07469691462494588,54.204928252459794,2026-08-08
SOLID,0.0002766688003174,-0.043858865620615584,-0.15630222186663545,-0.4557722134476704,0.02883777951728339,0.03315805414198559,-0.3828150032966482,17.12736878283181,2026-08-08
SPK,0.0148495351906732,-0.07484595173648312,-0.11268893340751529,-0.14236565242033394,0.024697522716379452,0.02199944039097579,-0.1582079116722902,31.72192212484039,2026-08-08
STG,0.1319407751620139,0.0796981018628855,-0.014539754548180572,-0.20594079597402382,0.05138264279611658,0.03984995966606643,-0.28088936172388923,47.556317725533084,2026-08-08
STORJ,0.045518381561173,-0.019077619286514746,-0.3765207860953549,-0.399180926532802,0.060847554747377734,0.045005666140568355,-0.41942357914145667,22.73500653986096,2026-08-08
STREAM,0.0071865826147086,-0.09266963104478487,-0.08542782060853304,-0.11926447707886956,0.02038252907038078,0.053104374416875384,-0.32507212899308424,35.38604127893106,2026-08-08
STRK,0.0251766851088188,0.002993984839182229,-0.15675263282520557,-0.1698206700135827,0.03644097644821721,0.029603098813639827,-0.21650321276979967,37.06795615541942,2026-08-08
SUI,0.6987224841722913,0.025202379586032553,-0.01826694589601796,-0.025052514541928805,0.019266240395859835,0.02096628326155766,-0.13556971717549304,46.05677966501383,2026-08-08
SUPER,0.0862747283362351,0.047913755819220416,0.030580102028906042,-0.0034037293873060426,0.018521324318696936,0.0170714378410234,-0.09711737542124421,52.382492619609025,2026-08-08
SUSHI,0.1659247733948841,0.0781222961796677,0.007076806389456403,0.03580410389080502,0.03338086093220995,0.033981919374374614,-0.15970876565526926,52.976736879073755,2026-08-08
SWEAT,0.0003068814336607,-0.22576335144551773,-0.25631138099911577,-0.4082147946081155,0.060498933775440904,0.058272134924911206,-0.47350025736771273,31.764456508999785,2026-08-08
SWTCH,0.0004915691029288,-0.13625797317031507,-0.16503858162901663,-0.3736224635663328,0.0931753384785148,0.12941682395099924,-0.6337227064887809,38.36050433208878,2026-08-08
SYRUP,0.1502638461689912,-0.045707451106986596,-0.12345132354358113,-0.07887466265055887,0.027189790408397422,0.03807855140513406,-0.2316066732364398,37.63025491054973,2026-08-08
TADA,0.0001549032819962,0.03381054826824026,-0.061649903785578664,-0.2827607482062975,0.0425242335443054,0.03540174523607608,-0.3198330271272697,38.90496518076711,2026-08-08
TAI,0.0077161887587328,-0.10494451370722568,-0.14333355207741172,-0.12960997098274085,0.04943684420756611,0.04502769293156493,-0.28658408483183917,36.47120417771258,2026-08-08
TAKE,0.0623499824305988,1.339344474103065,1.9847196622500998,2.0059256733969866,0.16663354948565912,0.12459749765311245,-0.16326266232221542,74.6967806607027,2026-08-08
TAO,197.99171054227315,0.028331362908116775,0.03450102002266564,-0.04369810779300776,0.01785872997662295,0.018679368703279815,-0.11643883541454503,49.283392551128834,2026-08-08
TIA,0.3291482991468145,0.0021233425257232152,-0.023694291385140342,-0.212772096547179,0.025062118500382254,0.026995836918512275,-0.23914607045527225,41.46379907958124,2026-08-08
TNSR,0.0319361956941056,0.054669918922870764,-0.012429012856583377,-0.03554240015989618,0.016738715151153438,0.02123537394923992,-0.1067204038304771,51.35107488234739,2026-08-08
TON,24.399458067075265,0.02363783835724842,-0.010174844807238292,0.15301283517180408,0.018587215160759188,0.01739167506325624,-0.07442375018009362,64.63845596957648,2026-08-08
TOOKER,0.0001194673205508,0.8791244341122113,0.8612091473413523,0.6551929263325482,1.250822780186205,0.8494835142699074,-0.6661037765880916,52.568681834589015,2026-08-08
TRAC,0.2763271316020255,0.028511481284882567,0.013117130230439589,0.04736781798148226,0.02232704619844594,0.049565845791309945,-0.16653587719633756,45.42776751889897,2026-08-08
TRB,13.828123654228268,0.023663148735520778,-0.048182989010298605,-0.11112876608359268,0.015644625924943246,0.014028017995161929,-0.14375527134918842,43.18013629316015,2026-08-08
TREE,0.0371130861024065,0.045738047040029706,-0.026767350653023048,-0.11684926316212385,0.03007227233403706,0.03429623688846986,-0.2507670583820255,46.5341128982145,2026-08-08
TREMP,0.0032651597777588,0.007795363473670713,-0.16809697806796953,-0.21388851194242553,0.05773807504401223,0.055951914526015355,-0.2534632399750181,37.880194609128104,2026-08-08
TRUMP,1.4944865981788944,0.045096252410482096,-0.041948175202340954,-0.06887122636921017,0.02430731615508194,0.021270033188012266,-0.13101010923572243,43.59681172560395,2026-08-08
TRUST,0.0528910882471871,0.06339468942626758,0.05693491727873656,0.08142448006368674,0.022611569085559207,0.025396376008330827,-0.08438938143719676,56.92281561583561,2026-08-08
TRX,0.3287589171143306,-0.00022888532845111165,-0.007988934234242073,-0.009051589904089274,0.00786775622531471,0.007282295646669412,-0.026027003105775992,51.04831169117649,2026-08-08
TUNA,0.0017119124337407,256.2089526210411,253.8355562616687,181.226061176017,66.40847628625825,64.58366864223714,-0.9963359794701039,51.50201257997029,2026-08-08
UMA,0.3428605235164699,0.006214711788190108,-0.04644392761025273,-0.07936567714059384,0.030600301384232618,0.033945148425880554,-0.19946959142678222,42.34711036881311,2026-08-08
UMBRA,0.2640190427509876,-0.1783760327773687,0.08435091581864596,-0.2400192168006514,0.06889368778083896,0.054067761391800695,-0.21227691495175172,39.029532268815245,2026-08-08
UNI,3.989050812628634,-0.022012330389347357,0.09165421815731767,0.18728790948214913,0.053035547509948724,0.04133902299920121,-0.13909564440173228,54.19640065700859,2026-08-08
UOS,0.0028561060274073,0.02970328931051891,-0.10905395763768488,-0.18183222118562392,0.029493620490709485,0.023243711468796075,-0.21243957646710798,33.50781645062405,2026-08-08
URANUS,0.0063123311939937,-0.2020969436819252,-0.2920410927576904,-0.4371896845379012,0.03740085363271533,0.05463760096595876,-0.4825281999715231,26.71946829949441,2026-08-08
USA,1.4591048921904813e-07,-0.056503853747616795,-0.18257984047850928,-0.26648499971020423,0.022197848211825254,0.04361365161432671,-0.33182872180193335,36.7550044019573,2026-08-08
USD1,0.9995961362153314,0.0007137040193898603,0.0007949016241564077,0.0007478298449943299,0.00011615489754930227,0.0001894501240515122,-0.0006196269135746446,63.99859936344807,2026-08-08
USDC,0.9998945682406176,0.00011854365150631985,-8.187174377027873e-05,0.00010321103550414712,0.00010077497420564394,0.00010772800735061717,-0.0003437105506717275,51.61145690708047,2026-08-08
USDG,0.999789980697821,-0.00014662417162536467,-0.00019656869280415545,-4.509736561930655e-05,0.00016390810830089835,0.00016644402025566078,-0.000536603862396845,44.92683463216729,2026-08-08
USDT,0.9993185005113964,0.0002291043511766233,0.0002758058517680073,0.00022500052216689603,0.00017637206343527957,0.00017742422419234592,-0.0009628902988089161,56.37974774360183,2026-08-08
USELESS,0.0411201407190129,-0.18517088711664142,-0.21614024773667595,-0.5046400621713323,0.04575175570827185,0.059088765361753906,-0.5429037671929784,27.67973864558084,2026-08-08
VANRY,0.0032026573235139,-0.178341181822519,-0.3040370222907224,-0.5674105415694816,0.09336042904445589,0.10654815682037842,-0.530564479933175,39.51865175927645,2026-08-08
VCHF,1.2302322002849124,-0.004852460208931708,0.006109488306509814,-0.00680885072177928,0.002782486379529503,0.002524373266311072,-0.014604208109566863,48.182791835502655,2026-08-08
VET,0.0047375153255991,0.015727919852520866,0.01628779289518345,0.003984644042607011,0.023964301791411777,0.022679812509959887,-0.09915015109867109,49.62980446781852,2026-08-08
VEUR,0.5332858851036879,-0.011884079264720127,-0.09124304147390139,-0.10592631187795587,0.015059997723519352,0.013910508330730022,-0.11447009181951362,47.3594266567944,2026-08-08
VGBP,1.3374287527687845,0.0010224801824429974,0.0010188030107340929,0.0011243143411543421,0.0008789723766396407,0.0007286023043500784,-0.0016948326992731744,50.66455991315189,2026-08-08
VINE,0.0074614002594931,-0.14784625597781553,-0.1425772867168028,-0.18876618716563287,0.034642420860643564,0.038516371752794834,-0.24357182934973143,33.612648213898396,2026-08-08
VIRTUAL,0.5737651367594012,0.04870898204641816,-0.012279574458563092,0.08936267435134715,0.026031041140298066,0.043582946024800374,-0.1788882892987218,48.064654750046984,2026-08-08
VNX,0.049627557197972,0.0,0.0,0.0,0.0057133385792044146,0.0057133385792044146,-0.01991195513861077,,2026-08-08
VNXAU,138.94160408500272,0.05898215743079005,0.06380676212395775,0.05170834660377199,0.008764513395468925,0.007471951084432781,-0.02651874849405489,72.21495883815803,2026-08-08
VSN,0.0371924649070432,0.03550779378455737,-0.06338164107858535,0.1064867129756304,0.021141544505025294,0.021080348502279724,-0.11518879451671638,53.71883295768619,2026-08-08
VVAIFU,0.0002024953208674,-0.016017127447146118,-0.02320038658793433,-0.06811065670580785,0.01958649994210549,0.017521803340176053,-0.10429918162627927,37.24467050634049,2026-08-08
W,0.0085707237912161,0.05439101393536272,-0.05091038500667089,-0.1071552969238928,0.03003750053162168,0.025227109814805873,-0.2080646718726995,43.66873809094089,2026-08-08
WCT,0.0362751097764072,-0.00650669413696392,-0.1018808697124226,-0.17111109891820064,0.027352957653378893,0.021651695606686908,-0.2162794677945129,36.00913325567316,2026-08-08
WEN,0.0042257190690496,1060.0340278456138,909.0852797671124,923.6591394824023,281.2993782795507,192.16281938297163,-0.26578749996202056,98.03192459577349,2026-08-08
WIF,0.1433321653247523,0.02130187053137611,-0.046491553483251735,-0.09232027551205446,0.02149861347624449,0.022184407111900988,-0.11392955538342442,43.48556913590503,2026-08-08
WLFI,0.0514885675895599,-0.05175876510985178,-0.0816875142143797,-0.11220618533429771,0.01109170230305256,0.02159668262254108,-0.1470597349663334,32.10416965784833,2026-08-08
WOD,0.0043811783894236,0.04697499602269817,-0.30905385678835195,-0.37637883637845004,0.08238533458362587,0.06304786145562785,-0.3928358207553313,47.35219768126906,2026-08-08
WOO,0.0115372452829704,-0.016409355725412245,-0.08748889114795388,-0.009179483021213741,0.024612148402971604,0.029507904044028355,-0.15166247521367293,42.27733586421344,2026-08-08
WXM,0.0063264069178162,0.036429810727516276,-0.029180542323378078,-0.051727511622509104,0.06470406927134846,0.05550333034277768,-0.1558260950268997,47.04018815642929,2026-08-08
XBG,0.0111013238136213,-0.03960458349551643,-0.10229088272749542,-0.1879466191353678,0.020190524015968533,0.018899490729396687,-0.1876693069292743,37.11097654470769,2026-08-08
XCN,0.0030673300943385,0.017854244178394874,-0.1264075084118883,-0.19379605910567577,0.02543846748663107,0.018449989527321284,-0.21536296647459974,28.18415195687244,2026-08-08
XLM,0.1655905886648421,-0.028839142640437854,-0.07356329631023573,-0.0849828083016998,0.016831094791217333,0.021070621405959833,-0.1680757496348776,37.384370603967,2026-08-08
XPL,0.0768278923057301,0.028865673315805918,-0.07650261831018279,-0.16503089428720064,0.03105663507393379,0.031830113763346796,-0.2169934632835303,40.8085183163225,2026-08-08
XRP,1.0467148241067814,-0.012680925756145545,-0.04958117702189002,-0.03796180731900689,0.01694140218351032,0.018943127752371537,-0.11615095849357049,41.58455181453792,2026-08-08
XTZ,0.2063014505860626,0.02288643897697784,-0.07947742360948817,-0.12692528129326697,0.02916116199793588,0.022539541945121633,-0.16264531483443223,42.339587461121795,2026-08-08
XVS,2.7340173055295,-0.007821038452965112,-0.05168493483219849,0.0716410092434161,0.018627696086834303,0.020223454416487784,-0.08814791671369515,49.24805537759666,2026-08-08
YB,0.0703554320009849,0.07453505123083604,-0.08430817399468804,-0.043825479844036286,0.03140361890610513,0.056054205545376413,-0.30808207014368305,47.64803009434499,2026-08-08
YFI,2094.547394757089,0.019414690229938802,0.014709023184505066,-0.022270491982456897,0.018666821464472877,0.016269821117618346,-0.08692661177119021,52.0914181333468,2026-08-08
YGG,0.0191550139787438,0.06434143261014658,0.07957299696599107,-0.10740643417937057,0.022627959913210937,0.030537903683967287,-0.22741871334600827,46.54340438258441,2026-08-08
YNE,0.0001928011948982,0.022001580487887473,-0.06009626398675594,-0.33569715913400144,0.025802878161957563,0.044059905526686226,-0.3951323041679473,38.799457404957074,2026-08-08
ZARA,0.0003055160836429,0.03251248159682607,-0.02255988943438636,-0.2179585954365968,0.0169946551708479,0.023790927881320364,-0.2644805980118775,36.68086952708652,2026-08-08
ZBCN,0.0017554338106999,-0.049800408976580335,-0.06071684374195241,-0.19611303642478028,0.025004134348793203,0.03641317729555791,-0.2349747933099232,34.76424876488818,2026-08-08
ZEN,4.103643400760494,0.02217342971811198,0.009028432845219703,-0.006400630464670765,0.018375834287186914,0.01989563363133231,-0.12129262167750621,48.703142846569115,2026-08-08
ZEREBRO,0.0350150272078622,0.03782641374279638,-0.02480160967713696,-0.06827929018342682,0.06491782103956625,0.06038211000058373,-0.16764974974203228,48.3534163427795,2026-08-08
ZETA,0.0296600596612829,0.03599785536770739,-0.07802461295879848,-0.15211534637175017,0.028783981451294214,0.023121863207829146,-0.22242707975586917,39.31907096039322,2026-08-08
ZEUS,0.0024877352498088,0.029657870614184345,0.014370073542076645,-0.09799653815534448,0.028437785498137056,0.04381981743315693,-0.1797545542001191,49.90873620174566,2026-08-08
ZEX,0.001338787536662,-0.401317878733747,-0.43822233590936244,-0.9038387762868005,0.29660634552065446,0.23103951624689748,-0.9156526437215141,32.756142972856566,2026-08-08
ZIL,0.0024272342858665,-0.07512504574161427,-0.03207516683981049,-0.19039444333629163,0.04324640103108091,0.033849696323047546,-0.24803707250684215,36.546150627767894,2026-08-08
ZORA,0.0053455560813631,-0.0704310422610559,-0.13686753216477232,-0.24056740469563753,0.029209805480538965,0.027453191558109078,-0.2618997446619932,26.210253277692615,2026-08-08
ZRO,0.8269672973992899,0.13714253056061754,-0.025969098176327754,-0.10465108488716957,0.05720789152666099,0.043553399494732976,-0.22867209433405333,50.49705796931989,2026-08-08
ZRX,0.0824088569115567,0.04323970024546142,-0.01661320298754554,-0.05619196737887411,0.020868918037926072,0.018068345193060664,-0.12501903953747895,50.88938605318046,2026-08-08
