symbol,name,cmc_rank,price_usd,market_cap_usd,volume_24h_usd,pct_1h,pct_24h,pct_7d,circulating_supply,last_updated,timestamp_snapshot
1INCH,1inch Network,152,0.2602034114136976,363172202.5742526,12856127.98797047,-0.08919906,1.40887347,-7.56839831,1395724216.6854024,2025-08-17T17:58:00.000Z,2025-08-17T18:00:12.334Z
A,Vaulta,96,0.5163871274482986,818448406.0768234,27649159.76775148,-0.25782016,1.19999044,-3.61067018,1584951216.97,2025-08-17T17:59:00.000Z,2025-08-17T18:00:12.334Z
AAVE,Aave,31,305.9782842768709,4654972480.43198,346061905.1128991,-0.22295884,4.07411004,0.54891208,15213408.00845798,2025-08-17T17:58:00.000Z,2025-08-17T18:00:12.334Z
AB,AB,105,0.00897328903433781,654505479.1164194,27330811.75477736,0.26935254,3.72378061,9.54055151,72939306491.95,2025-08-17T17:59:00.000Z,2025-08-17T18:00:12.334Z
ADA,Cardano,9,0.9618293237649937,34249872043.934845,2022268807.8949254,-0.65407647,5.48728337,19.72064525,35609095291.32136,2025-08-17T17:59:00.000Z,2025-08-17T18:00:12.334Z
AERO,Aerodrome Finance,71,1.4399492805155891,1267950952.105062,118010963.30492029,1.42045849,6.88850578,16.39392245,880552509.2182821,2025-08-17T17:59:00.000Z,2025-08-17T18:00:12.334Z
AIOZ,AIOZ Network,127,0.40419486141338457,483784507.03528166,8941660.81087223,-0.40041386,2.0079438,2.05489488,1196909098.1107202,2025-08-17T17:58:00.000Z,2025-08-17T18:00:12.334Z
ALGO,Algorand,44,0.26857194251927624,2339690296.540771,71369149.2773259,-0.58033587,3.55558717,1.06965739,8711596135.448305,2025-08-17T17:59:00.000Z,2025-08-17T18:00:12.334Z
APE,ApeCoin,128,0.6403790695481009,481982276.8696685,32473367.92215481,-0.56340393,3.07336377,0.95588006,752651515,2025-08-17T17:59:00.000Z,2025-08-17T18:00:12.334Z
APT,Aptos,36,4.891366914242297,3350812214.9727845,120994376.0768607,0.05708981,4.23117696,4.01330885,685046179.0580776,2025-08-17T17:58:00.000Z,2025-08-17T18:00:12.334Z
ARB,Arbitrum,40,0.5473969098377828,2819225258.3860855,790121230.496014,0.24771702,12.21502458,17.50026218,5150239630,2025-08-17T17:59:00.000Z,2025-08-17T18:00:12.334Z
ATH,Aethir,147,0.03392118857191974,386965763.0788345,12404446.68788622,-0.5527583,1.86670905,-7.75819919,11407789036,2025-08-17T17:59:00.000Z,2025-08-17T18:00:12.334Z
ATOM,Cosmos,48,4.687639132911396,2159385201.6699514,93680199.19192614,-0.13121591,2.87298158,0.44725953,460655170,2025-08-17T17:58:00.000Z,2025-08-17T18:00:12.334Z
AVAX,Avalanche,18,25.580765289084404,10802124965.479332,549776652.1987098,2.29093396,6.68254418,7.29015783,422275285.48916084,2025-08-17T17:58:00.000Z,2025-08-17T18:00:12.334Z
AXS,Axie Infinity,143,2.4439099326178844,406612943.85239655,17760784.93196579,-0.60858051,1.43381782,-3.07835174,166378039.72458103,2025-08-17T17:59:00.000Z,2025-08-17T18:00:12.334Z
BCH,Bitcoin Cash,15,585.4741946528885,11658386632.719439,281612192.03638643,0.03886524,1.12209328,2.51921159,19912725,2025-08-17T17:59:00.000Z,2025-08-17T18:00:12.334Z
BEAM,Beam,145,0.008051707270571412,398285785.4056014,36119081.94013003,-0.67307512,3.83650877,0.10295073,49466004168,2025-08-17T17:59:00.000Z,2025-08-17T18:00:12.334Z
BNB,BNB,5,855.8196854178316,119205120644.89734,2173139950.9462404,-0.08049414,2.57577923,6.6584835,139287659.16,2025-08-17T17:59:00.000Z,2025-08-17T18:00:12.334Z
BONK,Bonk,52,0.000024253520706762176,1956853258.1185231,147534974.8534595,0.1013828,0.61252169,-10.82683008,80683265814390.77,2025-08-17T17:59:00.000Z,2025-08-17T18:00:12.334Z
BTC,Bitcoin,1,117961.10970537776,2348337686592.821,45642884942.97879,0.08972779,0.15248848,-0.49254901,19907728,2025-08-17T17:58:00.000Z,2025-08-17T18:00:12.334Z
CAKE,PancakeSwap,82,2.7926133093593934,962308319.7885615,61556619.11267557,-0.0073667,2.97257334,-1.22490781,344590608.57563144,2025-08-17T17:59:00.000Z,2025-08-17T18:00:12.334Z
CHZ,Chiliz,142,0.04180978478369128,409021615.5690443,26150339.94627695,-0.46480424,1.10739554,-3.13556094,9782916073,2025-08-17T17:59:00.000Z,2025-08-17T18:00:12.334Z
COMP,Compound,131,49.09599605575777,463542300.26934844,25165848.50859359,0.06707143,2.52015993,-10.11668705,9441549.97370679,2025-08-17T17:59:00.000Z,2025-08-17T18:00:12.334Z
CRV,Curve DAO Token,74,0.8901315959438839,1224311998.83964,175161513.0269221,-0.14676493,2.86219468,-8.57612128,1375428087.732798,2025-08-17T17:58:00.000Z,2025-08-17T18:00:12.334Z
DOGE,Dogecoin,8,0.23590715821382346,35517718509.53335,1995233901.4549472,-0.48133359,2.96125406,0.96672934,150558036383.70526,2025-08-17T17:59:00.000Z,2025-08-17T18:00:12.334Z
DOT,Polkadot,24,4.11634272518162,6619609326.068598,236060709.13702008,-0.44110792,4.28364507,1.69653032,1608128809.48258,2025-08-17T17:59:00.000Z,2025-08-17T18:00:12.334Z
DYDX,dYdX,118,0.6785497936968836,524791648.77593195,11715078.14410945,0.01432713,2.21713648,4.11190501,773401824.966677,2025-08-17T17:59:00.000Z,2025-08-17T18:00:12.334Z
EIGEN,EigenLayer,132,1.421601589223353,458631743.8350074,77549945.87079534,-0.24873249,5.21207827,1.34650955,322616228.98548275,2025-08-17T17:59:00.000Z,2025-08-17T18:00:12.334Z
ENA,Ethena,30,0.715585067441034,4738514868.461097,539254587.8583727,0.27942009,-0.0579758,-7.48223255,6621875000,2025-08-17T17:59:00.000Z,2025-08-17T18:00:12.334Z
ENS,Ethereum Name Service,80,26.912625466299463,988555501.0729457,82401907.65902987,-0.04794598,2.81166807,-8.40472046,36732035.01868798,2025-08-17T17:59:00.000Z,2025-08-17T18:00:12.334Z
ETC,Ethereum Classic,34,22.58205173765243,3458465012.3857684,116232518.81815825,-0.13771065,1.69327088,-2.5336813,153151053.43679905,2025-08-17T17:58:00.000Z,2025-08-17T18:00:12.334Z
ETH,Ethereum,2,4527.79487555255,546540493346.85535,28552905023.333817,0.14861284,2.70887954,7.13900254,120707874.00238802,2025-08-17T17:59:00.000Z,2025-08-17T18:00:12.334Z
ETHFI,ether.fi,112,1.229022680730657,572595175.2546135,75738646.31088145,0.1658128,6.46652557,0.90535243,465894718,2025-08-17T17:58:00.000Z,2025-08-17T18:00:12.334Z
FARTCOIN,Fartcoin,81,0.9756018982022268,975600196.7525163,139069123.4239519,-0.5895933,4.59651134,-10.02995184,999998256,2025-08-17T17:59:00.000Z,2025-08-17T18:00:12.334Z
FET,Artificial Superintelligence Alliance,58,0.719033342613323,1709886874.121902,66827254.69430638,-0.08494596,2.41359727,0.79111482,2378035583.033364,2025-08-17T17:59:00.000Z,2025-08-17T18:00:12.334Z
FIL,Filecoin,56,2.58764198057555,1769695458.7681394,121124904.74162036,-0.2307103,3.15462452,-0.89067194,683902747,2025-08-17T17:58:00.000Z,2025-08-17T18:00:12.334Z
FLOKI,FLOKI,77,0.00010805069148586311,1030840289.9997684,62900924.21747081,-0.06084336,1.7916104,-8.56347737,9540339592686.818,2025-08-17T17:59:00.000Z,2025-08-17T18:00:12.334Z
FLR,Flare,55,0.025328084503067796,1817108409.5602336,14904241.96643119,2.48917168,3.26112204,11.34628515,71742827979.75272,2025-08-17T17:59:00.000Z,2025-08-17T18:00:12.334Z
GALA,Gala,97,0.017604208808555788,803906462.6991633,91812861.99463406,-0.42317554,2.16075326,-0.54740703,45665583238.73427,2025-08-17T17:59:00.000Z,2025-08-17T18:00:12.334Z
GGP,Geegoopuzzle,6177,3.0025959617800213,0,13.34646018,0.0049469,-30.20907182,-32.43997661,0,2025-08-17T17:59:00.000Z,2025-08-17T18:00:12.334Z
GNO,Gnosis,150,139.2721747110155,367547089.9200212,4008681.20749634,-0.14020565,0.92172184,2.89999703,2639056.15520593,2025-08-17T17:58:00.000Z,2025-08-17T18:00:12.334Z
GRT,The Graph,78,0.09602635639151866,1001407227.0580089,30609835.51561283,-0.20096695,1.83835549,-3.09535118,10428462191.932716,2025-08-17T17:59:00.000Z,2025-08-17T18:00:12.334Z
HBAR,Hedera,17,0.2555152601017613,10832039869.693392,217786705.38161483,-0.33266676,2.26802282,-1.31198106,42392927394.54948,2025-08-17T17:59:00.000Z,2025-08-17T18:00:12.334Z
HNT,Helium,121,2.7160912532509323,505823096.09193444,5921984.19325136,0.36487802,2.82090184,-10.82887595,186231996.25068077,2025-08-17T17:59:00.000Z,2025-08-17T18:00:12.334Z
HYPE,Hyperliquid,12,46.701335714438365,15594892038.691402,235311122.89517236,0.04656893,-0.21971583,3.28533065,333928180,2025-08-17T17:58:00.000Z,2025-08-17T18:00:12.334Z
IMX,Immutable,76,0.5963377192976984,1142237712.7471364,26275062.14140531,0.06300933,3.00699025,0.50341851,1915420869.3898141,2025-08-17T17:59:00.000Z,2025-08-17T18:00:12.334Z
INJ,Injective,62,15.577370934349743,1557284343.5354893,157348420.69571647,0.74618566,7.77728169,8.85099251,99970935.41,2025-08-17T17:59:00.000Z,2025-08-17T18:00:12.334Z
JASMY,JasmyCoin,94,0.016793989342371318,830378797.6119392,25459287.72521794,-0.02476096,3.07790918,2.02133478,49444999677.16958,2025-08-17T17:59:00.000Z,2025-08-17T18:00:12.334Z
JTO,Jito,104,1.7912039458300753,656225053.7954527,22732639.18339002,0.07753013,1.3190636,-5.66789419,366359763.4,2025-08-17T17:59:00.000Z,2025-08-17T18:00:12.334Z
JUP,Jupiter,61,0.5202054576662317,1590929901.0174747,33817092.37652913,-0.18080767,1.31602176,-1.28890245,3058272222.2000003,2025-08-17T17:58:00.000Z,2025-08-17T18:00:12.334Z
KAS,Kaspa,43,0.09349840775356658,2485914488.5624304,41874822.20336489,0.22900793,4.23078352,-0.93929801,26587773506.41678,2025-08-17T17:59:00.000Z,2025-08-17T18:00:12.334Z
KAVA,Kava,141,0.3805466671006284,412076153.3864502,18109389.10767442,0.70735017,-0.33313437,-2.74032336,1082853140,2025-08-17T17:59:00.000Z,2025-08-17T18:00:12.334Z
LDO,Lido DAO,73,1.38638179813924,1241838167.2750142,155103572.1177287,0.29428066,-0.09204502,-1.3712483,895740386.192153,2025-08-17T17:59:00.000Z,2025-08-17T18:00:12.334Z
LINK,Chainlink,11,26.051672048975664,17665638046.656086,2326393194.1905174,0.58931873,18.21873362,17.59342712,678099970.4527867,2025-08-17T17:58:00.000Z,2025-08-17T18:00:12.334Z
MANA,Decentraland,110,0.30072636632402483,592349447.9312137,29949438.44295695,-0.43119413,1.78868468,-2.31680898,1969729010.368757,2025-08-17T17:59:00.000Z,2025-08-17T18:00:12.334Z
MKR,Maker,3319,1861.2783087036928,0,75829102.69970182,-0.94795128,3.42903783,-10.17155697,0,2025-08-17T17:58:00.000Z,2025-08-17T18:00:12.334Z
MNT,Mantle,32,1.3123420496720852,4417073499.146892,506351878.3367747,0.94240152,1.34264278,27.15932653,3365794382.836841,2025-08-17T17:58:00.000Z,2025-08-17T18:00:12.334Z
MOG,Mog Coin,130,0.000001191233462855719,465257106.9920333,12305339.99169654,-0.49506322,1.47716156,-20.04436913,390567526433216.7,2025-08-17T17:58:00.000Z,2025-08-17T18:00:12.334Z
MORPHO,Morpho,101,2.095418966289071,686850122.0532866,14596405.80735216,0.0967211,5.28419471,-1.3276094,327786534.8664277,2025-08-17T17:59:00.000Z,2025-08-17T18:00:12.334Z
MOVE,Movement,149,0.13872900533383575,374568314.4013565,18941815.92812142,-0.20475644,0.49037531,-1.30700359,2700000000,2025-08-17T17:59:00.000Z,2025-08-17T18:00:12.334Z
NEAR,NEAR Protocol,35,2.7682277602748395,3454123638.520538,173936728.7136544,-0.31941666,1.27029633,1.33048135,1247774366,2025-08-17T17:59:00.000Z,2025-08-17T18:00:12.334Z
NEXO,Nexo,91,1.349848820132198,872199199.1832167,9404535.97278768,0.40860324,-0.09383056,-0.85131419,646145839.5746847,2025-08-17T17:59:00.000Z,2025-08-17T18:00:12.334Z
ONDO,Ondo,37,1.024964834469918,3237974125.534157,101014169.1172878,-0.40063046,2.88081539,0.00768551,3159107529,2025-08-17T17:59:00.000Z,2025-08-17T18:00:12.334Z
OP,Optimism,68,0.772497739811097,1353560357.4042957,169627225.4132383,0.43570854,5.79769737,-0.86424794,1752186819,2025-08-17T17:59:00.000Z,2025-08-17T18:00:12.334Z
PENDLE,Pendle,83,5.730643130054205,959151399.9305003,84168453.02708371,0.98218903,6.34631999,4.43157446,167372383.54631722,2025-08-17T17:59:00.000Z,2025-08-17T18:00:12.334Z
PENGU,Pudgy Penguins,50,0.033337489424742406,2095607789.8868275,204432283.44929993,0.06092301,1.00420308,-15.86139918,62860396090.04,2025-08-17T17:58:00.000Z,2025-08-17T18:00:12.334Z
PEPE,Pepe,29,0.000011356086313181823,4777390811.54944,436682834.4284383,0.3081262,3.12388334,-5.72193623,420689899653543.56,2025-08-17T17:58:00.000Z,2025-08-17T18:00:12.334Z
POL,POL (prev. MATIC),41,0.2516056580910895,2637215762.001036,165434783.51547784,0.71225282,6.84224985,4.00027634,10481543944.63688,2025-08-17T17:59:00.000Z,2025-08-17T18:00:12.334Z
PUMP,Pump.fun,72,0.0035304806160035168,1249790138.065245,155396188.02706015,0.58064034,5.38311301,14.04687318,354000000000,2025-08-17T17:58:00.000Z,2025-08-17T18:00:12.334Z
PYTH,Pyth Network,99,0.12650337376975285,727392493.4641979,18805358.3348141,-0.31858897,2.67814699,-1.43402447,5749984935.485717,2025-08-17T17:59:00.000Z,2025-08-17T18:00:12.334Z
QNT,Quant,69,109.14915222706699,1317729117.7594962,13461511.44181148,-0.39240598,0.89684299,-4.28554657,12072738,2025-08-17T17:59:00.000Z,2025-08-17T18:00:12.334Z
RAY,Raydium,79,3.7048051639625803,993195071.6990461,107969832.56117006,-0.53475122,3.49974946,8.29029266,268082943.027629,2025-08-17T17:58:00.000Z,2025-08-17T18:00:12.334Z
RENDER,Render,51,4.019322174994586,2082526450.9705653,50490169.59636725,-0.19467565,2.58718811,1.91774151,518128769.05628264,2025-08-17T17:59:00.000Z,2025-08-17T18:00:12.334Z
RSR,Reserve Rights,116,0.009340850507814358,553000141.6970528,18452259.8656751,0.06934519,1.61343615,1.67032878,59202332939,2025-08-17T17:59:00.000Z,2025-08-17T18:00:12.334Z
S,Sonic,84,0.3328311829852336,958553806.9974729,168763706.93868247,-0.83118839,10.32265605,7.6703228,2880000000,2025-08-17T17:59:00.000Z,2025-08-17T18:00:12.334Z
SAND,The Sandbox,98,0.3021811602740966,777599513.8268363,49920889.804944,-0.01472912,2.11041077,2.52729311,2573289192.2233224,2025-08-17T17:58:00.000Z,2025-08-17T18:00:12.334Z
SEI,Sei,49,0.34999424658626893,2102298774.2615259,222596667.7932115,-0.16849669,8.61459937,8.45160132,6006666666,2025-08-17T17:58:00.000Z,2025-08-17T18:00:12.334Z
SHIB,Shiba Inu,22,0.00001319171371668129,7773164355.078411,118714174.8208873,-0.17948344,1.7677266,-2.55162145,589245985928956.9,2025-08-17T17:58:00.000Z,2025-08-17T18:00:12.334Z
SOL,Solana,6,193.5448707895448,104503829791.58034,3621187269.1483874,0.1059157,2.90138004,6.53559749,539946263.4440715,2025-08-17T17:58:00.000Z,2025-08-17T18:00:12.334Z
SPX,SPX6900,65,1.5438856090886728,1437346833.9200675,36147729.83613359,-0.49750451,4.62430447,-19.5563929,930993090.07,2025-08-17T17:58:00.000Z,2025-08-17T18:00:12.334Z
STRK,Starknet,117,0.14222110692297335,545515328.1577772,43086484.26567553,-0.34510092,3.01677073,4.43034497,3835684730.348971,2025-08-17T17:59:00.000Z,2025-08-17T18:00:12.334Z
SUI,Sui,13,3.8484087370263387,13515320850.953861,665111725.6990732,0.07924043,2.47736752,-0.31089975,3511924479.5699987,2025-08-17T17:58:00.000Z,2025-08-17T18:00:12.334Z
SUPER,SuperVerse,136,0.7160401048352081,443404936.68738776,8746549.30300768,0.06946266,0.8013241,-9.3549506,619245952.4169173,2025-08-17T17:59:00.000Z,2025-08-17T18:00:12.334Z
SYRUP,Maple Finance,119,0.43830086686280506,523547468.1880606,33458733.69587686,-0.83642879,1.06014687,-13.19307784,1194493344.1163807,2025-08-17T17:58:00.000Z,2025-08-17T18:00:12.334Z
TAO,Bittensor,33,379.65030591189606,3643690394.136669,74844681.50330806,-0.21538534,2.33714762,-2.7524354,9597491,2025-08-17T17:58:00.000Z,2025-08-17T18:00:12.334Z
TIA,Celestia,66,1.8588543136451638,1391602759.6483595,88630554.96672098,0.12732584,2.03927419,2.74276229,748634655.999191,2025-08-17T17:58:00.000Z,2025-08-17T18:00:12.334Z
TON,Toncoin,20,3.4884573882157373,8953424440.833057,126605944.55148552,-0.2165722,1.17710396,4.55001974,2566585583.380888,2025-08-17T17:59:00.000Z,2025-08-17T18:00:12.334Z
TRUMP,OFFICIAL TRUMP,54,9.338496708086566,1867692689.736088,366879809.2550245,-0.46332314,2.17228507,1.07528809,199999287.692502,2025-08-17T17:58:00.000Z,2025-08-17T18:00:12.334Z
TRX,TRON,10,0.354065051717246,33523535594.29495,830569354.2325686,0.18069227,1.86890602,4.08558005,94681854172.56776,2025-08-17T17:59:00.000Z,2025-08-17T18:00:12.334Z
UNI,Uniswap,23,11.197380248334962,7040239028.917904,374639828.5036908,-0.17221859,2.53671151,2.05585806,628739836.71,2025-08-17T17:59:00.000Z,2025-08-17T18:00:12.334Z
USDC,USDC,7,0.9999073360890535,68168975219.3364,9186012400.744991,-0.00683273,0.00237243,0.00034176,68175292608.57944,2025-08-17T17:58:00.000Z,2025-08-17T18:00:12.334Z
USDT,Tether USDt,4,1.0007200706222201,166777768933.71405,78205785847.62456,0.01987795,0.00653567,0.06194673,166657763574.19937,2025-08-17T17:58:00.000Z,2025-08-17T18:00:12.334Z
VET,VeChain,47,0.025398833807387628,2183919770.776005,35124927.68770143,0.06640469,3.20541193,0.92337901,85985041177,2025-08-17T17:59:00.000Z,2025-08-17T18:00:12.334Z
VIRTUAL,Virtuals Protocol,90,1.3340477085064841,874475504.3324801,144182312.59259033,-0.49947931,12.10519641,-7.0371712,655505420.6505761,2025-08-17T17:59:00.000Z,2025-08-17T18:00:12.334Z
W,Wormhole,144,0.08457771751399315,399057688.0702683,25341971.54075363,-0.14574078,3.78110529,-5.78766253,4718236668,2025-08-17T17:59:00.000Z,2025-08-17T18:00:12.334Z
WIF,dogwifhat,87,0.9372168791558164,936129801.5742282,177505051.91621506,0.22882422,6.73123796,-6.56735361,998840100.29507,2025-08-17T17:59:00.000Z,2025-08-17T18:00:12.334Z
XLM,Stellar,14,0.42932753392792133,13439170804.873493,200292664.97109693,-0.10548738,0.99396112,-2.87864737,31302839307.599033,2025-08-17T17:59:00.000Z,2025-08-17T18:00:12.334Z
XRP,XRP,3,3.111360752917224,184872391137.3918,3351222306.183414,-0.07813364,0.34057561,-2.62058223,59418500720,2025-08-17T17:59:00.000Z,2025-08-17T18:00:12.334Z
XTZ,Tezos,88,0.8671351606813785,914878079.4724427,28678652.30297044,-0.34263392,2.94077978,-1.61950752,1055058220.397324,2025-08-17T17:59:00.000Z,2025-08-17T18:00:12.334Z
ZRO,LayerZero,148,2.158444752874347,375978939.77802247,31107794.05110161,-0.59305164,2.75749551,-4.51106786,174189744.3876387,2025-08-17T17:59:00.000Z,2025-08-17T18:00:12.334Z
ACT,Acet,451,0.06091950368541966,76638870.56026459,353182.93380596,0.03034183,-6.10170692,-3.43974866,1258035045,2025-08-17T17:59:00.000Z,2025-08-17T18:00:12.334Z
AI16Z,ai16z,295,0.1285332825754403,141386365.7855458,32301363.21643718,-0.342907,3.44146682,-12.9727219,1099998093.5098393,2025-08-17T17:58:00.000Z,2025-08-17T18:00:12.334Z
AKT,Akash Network,160,1.3275206508087949,329604519.7151367,4950735.88653226,-0.31421171,1.62978436,4.01337494,248285794.661141,2025-08-17T17:59:00.000Z,2025-08-17T18:00:12.334Z
ALCH,Alchemist AI,332,0.14304781234881953,121590640.4964966,8543033.81793556,0.14387212,2.12853227,2.09520591,850000000,2025-08-17T17:58:00.000Z,2025-08-17T18:00:12.334Z
ALT,Altlayer,286,0.036882580391639136,147380822.7424031,18271195.66238399,-0.11746583,2.98051381,-0.77508922,3995946627.850709,2025-08-17T17:59:00.000Z,2025-08-17T18:00:12.334Z
ANKR,Ankr,275,0.01608683861933971,160868386.1933971,12772423.50663111,-0.4072359,0.8728112,-3.00437645,10000000000,2025-08-17T17:59:00.000Z,2025-08-17T18:00:12.334Z
API3,API3,487,0.7839292096640801,67748712.91114652,54546280.05369978,-0.36017438,1.58328788,2.69248328,86421978,2025-08-17T17:59:00.000Z,2025-08-17T18:00:12.334Z
APU,Apu Apustaja,405,0.0002691225682597801,90934405.25502093,1440610.75582139,1.19550037,5.82108143,0.20971358,337892157625.5295,2025-08-17T17:58:00.000Z,2025-08-17T18:00:12.334Z
ASTR,Astar,231,0.02510596975872026,204669604.87351617,4563598.95039321,-0.51742309,-0.04658548,-0.83512399,8152228607,2025-08-17T17:59:00.000Z,2025-08-17T18:00:12.334Z
AUDIO,Audius,417,0.06424715125284675,86628022.4303522,12669900.25668312,0.08438124,-3.21906652,-0.00522256,1348355853,2025-08-17T17:58:00.000Z,2025-08-17T18:00:12.334Z
BABY,Babylon,285,0.05753776039512888,147778929.41823903,9937121.27190416,-0.43184367,1.87188884,-10.31752521,2568381674.98,2025-08-17T17:59:00.000Z,2025-08-17T18:00:12.334Z
BAT,Basic Attention Token,190,0.1630170093116777,243819382.4725246,45630929.61648411,-0.67836629,-4.79431293,4.25971182,1495668356.9526057,2025-08-17T17:59:00.000Z,2025-08-17T18:00:12.334Z
BERA,Berachain,170,2.3822925188479944,293967179.463863,113428727.9725083,-0.05409997,2.89832121,14.68634818,123396760.5313292,2025-08-17T17:58:00.000Z,2025-08-17T18:00:12.334Z
BIO,Bio Protocol,247,0.11485952940184802,191005705.00638568,82991101.1585005,4.65549514,15.91716036,-0.27887543,1662950440.43,2025-08-17T17:58:00.000Z,2025-08-17T18:00:12.334Z
BITCOIN,HarryPotterObamaSonic10Inu (ERC-20),392,0.09565494521949407,95635637.74707624,4650849.16652227,-0.54754139,1.31891696,-8.69489539,999798155,2025-08-17T17:59:00.000Z,2025-08-17T18:00:12.334Z
BLACK,Blackhole,3502,0.43293947958123447,0,1320209.81215076,0.35679291,1.33654856,-36.71667774,0,2025-08-17T17:59:00.000Z,2025-08-17T18:00:12.334Z
BLOCK,Block,432,0.17966304350208614,82645000.01095963,9810766.4205873,1.26586267,2.08229561,-28.11373563,460000000,2025-08-17T17:59:00.000Z,2025-08-17T18:00:12.334Z
BLUR,Blur,229,0.0836844446479412,206860243.37652853,15064862.11657358,-0.49196928,2.0248209,-4.66956358,2471907942.3515983,2025-08-17T17:59:00.000Z,2025-08-17T18:00:12.334Z
BNT,Bancor,397,0.813112559129257,93660892.18761961,4464433.35618579,0.12953574,3.93306781,0.7329762,115188101.74069732,2025-08-17T17:59:00.000Z,2025-08-17T18:00:12.334Z
BOME,BOOK OF MEME,314,0.0018952785568419862,130615164.4772725,29185261.73526158,-0.46959609,1.92615044,-3.78545109,68916077800.67455,2025-08-17T17:58:00.000Z,2025-08-17T18:00:12.334Z
BORG,SwissBorg,222,0.2736641061086167,268903019.34469754,283383.79544795,0.80489871,3.17674763,1.9699055,982602443.442,2025-08-17T17:59:00.000Z,2025-08-17T18:00:12.334Z
CARV,CARV,395,0.3229543932241452,95156739.58978437,16467717.59269375,-0.26279434,0.52878704,1.61921936,294644512,2025-08-17T17:59:00.000Z,2025-08-17T18:00:12.334Z
CGPT,ChainGPT,426,0.0985815607877546,84448360.05982965,10571084.00067318,-0.44806583,3.30249845,-3.73451335,856634439.3922346,2025-08-17T17:59:00.000Z,2025-08-17T18:00:12.334Z
CHILLGUY,Just a chill guy,588,0.049431566852049434,49429167.16028052,10153580.92217439,-0.63847632,2.93866797,-19.51683241,999951454.264517,2025-08-17T17:59:00.000Z,2025-08-17T18:00:12.334Z
COW,CoW Protocol,239,0.3916889272109909,196966751.40892866,6114844.54939978,-0.15301461,2.5263306,-8.85306357,502865252.82045734,2025-08-17T17:58:00.000Z,2025-08-17T18:00:12.334Z
DOGS,DOGS,466,0.00013901951168546946,71838332.66346635,10421860.68536341,-0.23737636,0.93300519,-6.96720163,516750000000,2025-08-17T17:58:00.000Z,2025-08-17T18:00:12.334Z
DOLO,Dolomite,548,0.2120546199051154,56170809.26342736,14783644.67492511,-1.60300147,4.74743453,-21.04365947,264888401.34,2025-08-17T17:58:00.000Z,2025-08-17T18:00:12.334Z
DRIFT,Drift,248,0.5492227907396122,190825552.93770805,9334386.22679999,-0.76884704,0.4103856,-3.97623409,347446530.179005,2025-08-17T17:58:00.000Z,2025-08-17T18:00:12.334Z
ENJ,Enjin Coin,305,0.07218262218998782,135161260.36520207,14731898.74438865,-0.44409374,3.99742026,-2.4051671,1872490306.731331,2025-08-17T17:59:00.000Z,2025-08-17T18:00:12.334Z
EURC,EURC,194,1.16991715961143,228307514.56727526,21465675.64634465,-0.13073507,0.19732704,0.08509349,195148445.0771746,2025-08-17T17:59:00.000Z,2025-08-17T18:00:12.334Z
FWOG,Fwog (SOL),597,0.04941493264827236,48210954.02239511,3685067.47908712,-1.20824513,3.32931813,-3.38249587,975635328,2025-08-17T17:59:00.000Z,2025-08-17T18:00:12.334Z
GEOD,GEODNET,591,0.15510691773095817,49194405.46802917,384759.66902983,0.02350813,-2.61174546,-0.62716682,317164483.62,2025-08-17T17:59:00.000Z,2025-08-17T18:00:12.334Z
GIGA,Gigachad,308,0.014370272642430883,133678195.06275022,2681464.36470659,-1.03530749,1.15914546,-12.44667599,9302411888,2025-08-17T17:59:00.000Z,2025-08-17T18:00:12.334Z
GLMR,Moonbeam,438,0.08040971973835671,80652539.3214185,4710428.81403052,-0.26284518,3.89905341,7.23692893,1003019779,2025-08-17T17:58:00.000Z,2025-08-17T18:00:12.334Z
GMT,GMT,304,0.044423360266975034,135466690.51390198,14485284.38087334,-0.31233038,0.67532969,-6.35781628,3049447175.985241,2025-08-17T17:58:00.000Z,2025-08-17T18:00:12.334Z
GMX,GMX,267,16.232329360777822,166661401.1736207,22592660.33305933,1.9463844,7.07360085,-11.34101972,10267251.08081682,2025-08-17T17:58:00.000Z,2025-08-17T18:00:12.334Z
GOAT,Goatseus Maximus,387,0.09756338058641928,97562595.81007725,12818266.91000152,0.10126288,2.70927496,-8.21356171,999991956.240781,2025-08-17T17:59:00.000Z,2025-08-17T18:00:12.334Z
GRASS,Grass,250,0.7605073010514932,185491602.46912885,17787269.4850712,-0.8275669,-0.09830861,-7.65699112,243905091,2025-08-17T17:59:00.000Z,2025-08-17T18:00:12.334Z
HONEY,Hivemapper,398,0.020232155116568062,92865384.61289114,639119.2808119,-0.03643889,2.77553768,0.02046944,4589989750.367419,2025-08-17T17:59:00.000Z,2025-08-17T18:00:12.334Z
HUMA,Huma Finance,520,0.03539084509119524,61344131.47960814,14641920.65676147,-0.21977025,0.62689178,-3.03048712,1733333333,2025-08-17T17:59:00.000Z,2025-08-17T18:00:12.334Z
HYPER,Hyperlane,508,0.3624995590256089,63509922.74128667,13440138.68767942,-0.02582671,1.65550471,-13.53471907,175200000,2025-08-17T17:58:00.000Z,2025-08-17T18:00:12.334Z
ILV,Illuvium,367,16.614897285290336,105090327.48203182,18180897.56480945,-0.12724424,-2.13911876,-10.88805365,6325066.33520217,2025-08-17T17:59:00.000Z,2025-08-17T18:00:12.334Z
IO,io.net,333,0.6445080294026214,121257747.03663388,19324588.63052211,-0.06597739,3.58480525,0.61678367,188140009.90650913,2025-08-17T17:59:00.000Z,2025-08-17T18:00:12.334Z
JOE,JOE,491,0.1669966168687183,66487929.669205666,5054535.65847175,0.87885155,3.88619612,0.62274631,398139381,2025-08-17T17:59:00.000Z,2025-08-17T18:00:12.334Z
KAITO,KAITO,176,1.1218977878292224,270813660.57565373,33923335.18978409,-0.55152127,2.87411363,-9.02078711,241388889,2025-08-17T17:59:00.000Z,2025-08-17T18:00:12.334Z
KET,yellow ket,3428,0.13949782582200265,0,3494650.46984992,1.41842947,2.50493639,-19.55608638,0,2025-08-17T17:58:00.000Z,2025-08-17T18:00:12.334Z
KMNO,Kamino Finance,276,0.06219989859777421,159930428.77680582,10449919.39661,-0.57811593,3.68483379,14.8318216,2571232950.25,2025-08-17T17:58:00.000Z,2025-08-17T18:00:12.334Z
KNC,Kyber Network Crystal v2,444,0.4172441132306157,78258334.27945468,6488314.00468448,-0.29073928,1.79582964,-5.38928345,187560068.07027227,2025-08-17T17:59:00.000Z,2025-08-17T18:00:12.334Z
KSM,Kusama,179,15.681144407054118,265291061.41318834,11864238.69262237,-0.29563198,3.90888001,0.92934462,16917838.04336678,2025-08-17T17:58:00.000Z,2025-08-17T18:00:12.334Z
LAYER,Solayer,259,0.6121487364438605,173617875.58334482,13007738.17628613,0.63908571,1.05216306,-4.62355464,283620409.95451295,2025-08-17T17:58:00.000Z,2025-08-17T18:00:12.334Z
LPT,Livepeer,166,6.934051493579673,301347822.87707317,128025963.81812228,-0.06911032,3.38296595,1.1524134,43459126.76825301,2025-08-17T17:59:00.000Z,2025-08-17T18:00:12.334Z
LQTY,Liquity,402,0.9671450664369059,92032685.85483266,17592156.26239471,-0.63653066,4.18910431,-7.27014549,95159132.84228767,2025-08-17T17:59:00.000Z,2025-08-17T18:00:12.334Z
LRC,Loopring,323,0.09290914764610199,127016590.49035715,33309321.91931559,-1.00789005,-2.67395056,2.05965281,1367105325.0232475,2025-08-17T17:59:00.000Z,2025-08-17T18:00:12.334Z
MASK,Mask Network,312,1.3179471575678365,131794715.75678365,19526448.29845527,-0.08645635,1.04209541,-2.57174008,100000000,2025-08-17T17:59:00.000Z,2025-08-17T18:00:12.334Z
ME,Magic Eden,339,0.7236320511741787,118048731.08452243,13367446.58783373,-0.24995813,0.81644732,-4.23321044,163133640.768087,2025-08-17T17:59:00.000Z,2025-08-17T18:00:12.334Z
MELANIA,Official Melania Meme,252,0.21910941494177683,184599171.3710004,5150085.24044498,-0.66314353,2.57722308,-4.5058835,842497669.121399,2025-08-17T17:59:00.000Z,2025-08-17T18:00:12.334Z
MEW,cat in a dogs world,173,0.0031672686570890954,281534991.7384376,18683099.31886569,0.20325434,2.54971398,-6.18415708,88888888888,2025-08-17T17:59:00.000Z,2025-08-17T18:00:12.334Z
MOODENG,Moo Deng (moodengsol.com),273,0.16424604870220752,162598955.0263194,23903058.79093868,-0.07018785,1.84177812,-8.84435821,989971791.17,2025-08-17T17:58:00.000Z,2025-08-17T18:00:12.334Z
MPLX,Metaplex,289,0.17484097333733714,145430120.68767768,3733266.75722026,0.1485762,2.89552536,-5.08384038,831785124,2025-08-17T17:58:00.000Z,2025-08-17T18:00:12.334Z
NEIRO,Neiro (First Neiro On Ethereum),264,0.0004004058943825868,168444604.7545168,33256421.49895282,0.0528154,4.31519292,-7.13493974,420684628067.8586,2025-08-17T17:59:00.000Z,2025-08-17T18:00:12.334Z
NIL,Nillion,532,0.30411160809699733,59347380.32012903,8826268.05366244,-0.43828522,2.94856237,-3.06031863,195150000,2025-08-17T17:59:00.000Z,2025-08-17T18:00:12.334Z
NOT,Notcoin,245,0.0019551069186472757,194403414.7646833,22559905.19338346,-0.15837131,-0.33811194,-13.73223557,99433648825.2978,2025-08-17T17:59:00.000Z,2025-08-17T18:00:12.334Z
NPC,Non-Playable Coin,230,0.02740758948042862,205799838.78365788,4425291.47726202,-0.204893,3.03553682,-10.76849833,7508863153.785074,2025-08-17T17:58:00.000Z,2025-08-17T18:00:12.334Z
NXPC,NEXPACE,262,0.8764900441170358,172047485.89347613,12872736.1122339,-0.23841407,1.28659722,-7.4855878,196291432,2025-08-17T17:58:00.000Z,2025-08-17T18:00:12.334Z
OM,MANTRA,177,0.2577225820736298,268851494.63815945,26785331.73139962,0.17239384,1.27475484,-6.88245013,1043181751.7696226,2025-08-17T17:58:00.000Z,2025-08-17T18:00:12.334Z
OMNI,Omni Network,293,4.130459567204569,142370697.49942774,24226478.899519,-0.13640957,2.56793946,-10.60474922,34468488.35655884,2025-08-17T17:59:00.000Z,2025-08-17T18:00:12.334Z
ORCA,Orca,287,2.4408522938330064,146346770.62479535,7875200.66971653,0.01237889,0.8573707,-7.43612359,59957241.57277,2025-08-17T17:59:00.000Z,2025-08-17T18:00:12.334Z
OSMO,Osmosis,309,0.18011195910764213,133393175.51908697,10765301.1125369,-0.5490596,2.47922471,-3.03428933,740612540,2025-08-17T17:59:00.000Z,2025-08-17T18:00:12.334Z
PEAQ,peaq,468,0.06523757939355992,71699990.83549026,3411498.99301831,-0.48501836,2.24118478,-4.7857947,1099059644.7937534,2025-08-17T17:58:00.000Z,2025-08-17T18:00:12.334Z
PIXEL,Pixels,366,0.03532466779033046,105294853.6981215,9012713.71250067,-0.39590164,0.36193645,-2.91380788,2980774067.66,2025-08-17T17:59:00.000Z,2025-08-17T18:00:12.334Z
PLUME,Plume,240,0.0982256163749078,196451232.7498156,15576719.50770738,0.95179701,4.81387657,-0.21902712,2000000000,2025-08-17T17:59:00.000Z,2025-08-17T18:00:12.334Z
PNUT,Peanut the Squirrel,191,0.2329178886374255,232883420.05361712,49223091.32522201,-0.286779,2.30715465,-9.35781616,999852014.012277,2025-08-17T17:59:00.000Z,2025-08-17T18:00:12.334Z
PONKE,Ponke,495,0.118168340511126,65647739.26695794,6886205.78879253,-0.35522945,2.81729768,-2.49420601,555544226,2025-08-17T17:59:00.000Z,2025-08-17T18:00:12.334Z
POPCAT,Popcat (SOL),169,0.3004674961315473,294450089.05282056,23190714.85689941,-0.1561408,1.6275525,-12.43857722,979973184.6,2025-08-17T17:59:00.000Z,2025-08-17T18:00:12.334Z
POWR,Powerledger,388,0.1706286919365446,96925201.65948243,4496332.85130287,-0.4149609,-0.15094022,-2.51797871,568047498.691065,2025-08-17T17:59:00.000Z,2025-08-17T18:00:12.334Z
PURR,Purr,3464,0.1784332223618963,0,1945860.42058756,-0.44190758,-0.84785737,-0.10943242,0,2025-08-17T17:59:00.000Z,2025-08-17T18:00:12.334Z
QI,BENQI,564,0.007447294135565318,53557578.23572356,3553227.17841804,0.14193854,2.93742388,-0.61739852,7191548670,2025-08-17T17:58:00.000Z,2025-08-17T18:00:12.334Z
RED,RedStone,357,0.39367209546588455,110228186.73044768,7557853.10566545,-0.07774457,4.00406095,-10.65296316,280000000,2025-08-17T17:58:00.000Z,2025-08-17T18:00:12.334Z
REKT,Rekt (rektcoin.com),221,0.000001147079738719477,293399576.89329857,2621366.49559203,0.03604074,12.14727779,0.19246507,255779582700004.97,2025-08-17T17:59:00.000Z,2025-08-17T18:00:12.334Z
RPL,Rocket Pool,261,7.963452890091483,172218783.24898875,7893146.89190434,-0.49200022,3.67722237,-9.83239757,21626144.54130466,2025-08-17T17:58:00.000Z,2025-08-17T18:00:12.334Z
SKYAI,SKYAI,510,0.06287673523758237,62876735.23758237,11886435.35642523,-2.26247186,-0.30460501,-8.62139926,1000000000,2025-08-17T17:59:00.000Z,2025-08-17T18:00:12.334Z
SNX,Synthetix,187,0.7181242864288065,246651431.99437666,14615201.39263507,-0.27071376,0.75740358,7.72798433,343466216.99839866,2025-08-17T17:59:00.000Z,2025-08-17T18:00:12.334Z
SPK,Spark,327,0.08249423922343524,125232305.91352111,48156045.52651388,0.45435685,-0.74713285,-26.67570807,1518073347.8168097,2025-08-17T17:59:00.000Z,2025-08-17T18:00:12.334Z
STG,Stargate Finance,335,0.18065790979603236,119406093.16168192,6190486.87819756,-0.2024247,4.04049284,1.09562538,660951371,2025-08-17T17:59:00.000Z,2025-08-17T18:00:12.334Z
STORJ,Storj,348,0.27401367439359486,113434366.58088301,13370717.24118377,-0.40372024,1.62459863,-2.36724727,413973378.63491154,2025-08-17T17:58:00.000Z,2025-08-17T18:00:12.334Z
SUSHI,SushiSwap,192,0.8417434272128086,232447858.19958043,28681613.86357598,-0.49425181,1.55725465,-5.29962674,276150488.0047174,2025-08-17T17:59:00.000Z,2025-08-17T18:00:12.334Z
TAI,TARS AI,540,0.06444205890275413,57494544.673257515,2472724.52244943,0.08225851,1.65241829,-5.21508184,892189753.9,2025-08-17T17:59:00.000Z,2025-08-17T18:00:12.334Z
TNSR,Tensor,562,0.12985151354034527,53797223.41459426,6664200.07720225,-0.30229017,-0.18973161,-7.09211407,414298008.1466613,2025-08-17T17:58:00.000Z,2025-08-17T18:00:12.334Z
TRAC,OriginTrail,200,0.4397928105084138,219895524.6139627,1723001.07001347,-0.17033229,1.47516328,-7.02143422,499997997.602,2025-08-17T17:59:00.000Z,2025-08-17T18:00:12.334Z
TRB,Tellor,375,38.15670702909829,103192028.72058322,18455470.7402438,-0.22942393,2.63595919,-2.18382971,2704427,2025-08-17T17:59:00.000Z,2025-08-17T18:00:12.334Z
USDG,Global Dollar,214,0.9999732854445724,396657981.30248123,2680856.45118407,0.00159496,0.02031653,-0.01323962,396668578.127198,2025-08-17T17:58:00.000Z,2025-08-17T18:00:12.334Z
USELESS,Useless Coin,161,0.31681839791682936,316533681.170216,75748652.41679893,-1.81633345,-12.37476275,22.96049114,999101325.085647,2025-08-17T17:59:00.000Z,2025-08-17T18:00:12.334Z
VANRY,Vanar Chain,502,0.03260884872711254,64698078.091075286,5197364.12801769,-0.07606801,2.22365886,-3.06987016,1984065081,2025-08-17T17:58:00.000Z,2025-08-17T18:00:12.334Z
VINE,Vine Coin,504,0.06413807754507408,64137699.38696888,17377156.38154759,-0.64237956,2.6273517,-5.89823428,999994104,2025-08-17T17:59:00.000Z,2025-08-17T18:00:12.334Z
WCT,WalletConnect Token,516,0.33419715061124255,62227509.44381336,26172790.2069094,-0.48284235,2.88446659,1.01578132,186200000,2025-08-17T17:59:00.000Z,2025-08-17T18:00:12.334Z
XVS,Venus,374,6.369330100265884,103626384.80693558,6750990.99909378,-0.3836476,1.76824926,-2.26102641,16269589.29363855,2025-08-17T17:58:00.000Z,2025-08-17T18:00:12.334Z
YGG,Yield Guild Games,386,0.16471618415159908,97655968.11818159,17726994.86432038,-0.53123275,2.05750644,-4.02425813,592874152.720187,2025-08-17T17:58:00.000Z,2025-08-17T18:00:12.334Z
ZETA,ZetaChain,241,0.20021946790424197,195178525.74260104,9541902.95327746,-0.42855555,0.94020711,-1.91172846,974822917,2025-08-17T17:59:00.000Z,2025-08-17T18:00:12.334Z
ZIL,Zilliqa,195,0.01168133231821702,226671939.23098308,11123418.61278947,-0.31413722,0.95881617,-1.90458776,19404630658.224537,2025-08-17T17:58:00.000Z,2025-08-17T18:00:12.334Z
ZRX,0x Protocol,224,0.2577980727266633,218714998.8228606,26857756.3182844,-0.22839762,1.37395406,-1.66766788,848396562.8973439,2025-08-17T17:59:00.000Z,2025-08-17T18:00:12.334Z
AGA,AGA Token,,,,0,0,0,-0.21566131,0,2025-04-21T14:00:00.000Z,2025-08-17T18:00:12.334Z
AGENT,AgentLayer,2157,0.0016824422244308946,938920.8339461169,208186.07582968,-31.78518429,-33.50426934,19.37223502,558070179.3571055,2025-08-17T17:59:00.000Z,2025-08-17T18:00:12.334Z
AIPUMP,aiPump,2731,0.0004515469076845611,171888.88975690972,26317.64318042,2.65400755,-8.47115563,-5.14657846,380666741,2025-08-17T17:59:00.000Z,2025-08-17T18:00:12.334Z
ALEPH,Aleph Cloud,910,0.07856084033469939,19421848.825246096,382365.61712975,-0.00677404,1.8215503,-1.57776784,247220482.1448135,2025-08-17T17:58:00.000Z,2025-08-17T18:00:12.334Z
ALVA,Alvara Protocol,969,0.22511601975489742,16510472.743559014,413930.50669763,-0.05453553,-5.83914439,-14.90717196,73342060.51410887,2025-08-17T17:58:00.000Z,2025-08-17T18:00:12.334Z
AMBIOS,Ambios Network,9062,0.006767240356325537,0,0,-0.00913777,1.91723768,0.28962307,0,2025-08-17T17:59:00.000Z,2025-08-17T18:00:12.334Z
ANI,Ani Grok Companion,3320,0.022115530443729447,0,69541409.62848856,-2.07221379,-8.12175785,-6.17111408,0,2025-08-17T17:59:00.000Z,2025-08-17T18:00:12.334Z
ARC,AI Rig Complex,869,0.021387442810198127,21387406.857906763,506639.92562125,-0.3951576,3.12151872,-10.88910426,999998319,2025-08-17T17:58:00.000Z,2025-08-17T18:00:12.334Z
ARENA,The Arena,881,0.007343191367090329,20679829.80564396,32044.59742136,1.16745268,4.01561406,-7.67247841,2816191049.891997,2025-08-17T17:59:00.000Z,2025-08-17T18:00:12.334Z
AURY,Aurory,1263,0.1039904787210066,7812729.959549312,76468.64122988,0.56796586,0.24895704,4.19861416,75129281.6,2025-08-17T17:58:00.000Z,2025-08-17T18:00:12.334Z
AVA,AVA (Travala),651,0.5905035962018202,41305449.60813071,5442557.58643654,-0.37520822,1.38322707,-2.27658485,69949531,2025-08-17T17:59:00.000Z,2025-08-17T18:00:12.334Z
BANK,Lorenzo Protocol,1117,0.06293394875908805,10989264.647418885,9618478.5432428,-0.07652144,-1.21028969,-1.234805,174615845.0899995,2025-08-17T17:58:00.000Z,2025-08-17T18:00:12.334Z
BID,CreatorBid,875,0.07840138609142619,21080836.18840187,7895335.6615571,-1.64175629,12.43916207,18.05091719,268883462.899736,2025-08-17T17:59:00.000Z,2025-08-17T18:00:12.334Z
BILLY,Billy (Bitcoin),1038,0.013948295565354632,13948295.565354632,8313.28797571,0.03159082,8.56559286,15.02657721,1000000000,2025-08-17T17:59:00.000Z,2025-08-17T18:00:12.334Z
BLZE,BLAZE TOKEN,,,,0,0,0,0,0,2024-05-28T01:21:00.000Z,2025-08-17T18:00:12.334Z
BMT,Bubblemaps,743,0.07802355620531222,31460991.88380877,19970763.35640961,-0.1826485,1.21871417,-10.16602238,403224275,2025-08-17T17:58:00.000Z,2025-08-17T18:00:12.334Z
BORGY,BORGY,4947,0.00008665761616902706,0,13000.05662105,-0.27214138,2.18209333,40.4513167,0,2025-08-17T17:59:00.000Z,2025-08-17T18:00:12.334Z
BULLY,Dolos The Bully,2235,0.0007678276045572504,737538.5569722329,267137.66971601,-0.24180505,-0.71476471,-5.72589298,960552281,2025-08-17T17:58:00.000Z,2025-08-17T18:00:12.334Z
CHATOSHI,chAtoshI,8856,0.002095720484027321,0,0,0,1.50775329,4.91145721,0,2025-08-17T17:59:00.000Z,2025-08-17T18:00:12.334Z
CHIN,FITCHIN Universe,5138,0.005162563168691631,0,5814.31760883,-0.32130109,1.2261118,1.7692865,0,2025-08-17T17:59:00.000Z,2025-08-17T18:00:12.334Z
CHONKY,CHONKY,4918,0.000003866039490171029,0,14674.23839166,-3.14015247,-1.6518681,-10.52781635,0,2025-08-17T17:58:00.000Z,2025-08-17T18:00:12.334Z
CLOUD,Cloud,3415,0.07998155600189315,0,4191625.81478808,-0.19121151,-0.83876224,-9.6739723,0,2025-08-17T17:58:00.000Z,2025-08-17T18:00:12.334Z
CLY,Colony,1353,0.05488198353591399,6184618.576119401,111169.76848155,0.25034734,3.46868863,2.6619822,112689414.22411007,2025-08-17T17:59:00.000Z,2025-08-17T18:00:12.334Z
COOL,coolcat,7986,0.000038791484456191175,0,36.48809776,-0.36225552,1.81945055,3.80138518,0,2025-08-17T17:59:00.000Z,2025-08-17T18:00:12.334Z
COQ,Coq Inu,625,6.34154398609358e-7,44022998.351461634,2659043.99776062,0.59767482,2.22358412,-4.77924309,69420000000000,2025-08-17T17:59:00.000Z,2025-08-17T18:00:12.334Z
CROWN,Crown by Third Time Games,805,0.11997309909238559,26259976.230078656,170347.7638091,-1.43056245,-4.88179267,-15.26832114,218882203,2025-08-17T17:59:00.000Z,2025-08-17T18:00:12.334Z
CVAI,Agentlauncher,8115,0.0009321390346096987,0,0,-0.03032272,6.33817136,6.15088325,0,2025-08-17T17:58:00.000Z,2025-08-17T18:00:12.334Z
ES,Eclipse,794,0.18254119888505096,27381179.832757644,14558899.16082546,0.43253944,0.88422253,-14.68089797,150000000,2025-08-17T17:58:00.000Z,2025-08-17T18:00:12.334Z
FHE,Mind Network,1016,0.06611311962247295,14668732.850503085,3908239.98691316,-0.54455805,2.76881258,-7.06466208,221873252,2025-08-17T17:58:00.000Z,2025-08-17T18:00:12.334Z
GHST,Aavegotchi,808,0.4941579302380776,26065744.272553638,2860610.17514087,-0.76167083,0.10366356,4.62790323,52747801.21406849,2025-08-17T17:59:00.000Z,2025-08-17T18:00:12.334Z
GP,Graphite Protocol,699,1.2733744332047754,37063549.15591167,5721440.21196778,2.19550866,-16.09275308,-38.32060428,29106559.85343736,2025-08-17T17:59:00.000Z,2025-08-17T18:00:12.334Z
GRIFFAIN,GRIFFAIN,659,0.04074661844673081,40741774.488729864,3985490.40601077,-0.29777955,6.27022681,-10.02579126,999881120,2025-08-17T17:59:00.000Z,2025-08-17T18:00:12.334Z
GRIFT,ORBIT,1357,0.006158192693864004,6156264.018131479,1408962.14682457,-0.48847521,3.90176769,-1.30850583,999686811.402565,2025-08-17T17:59:00.000Z,2025-08-17T18:00:12.334Z
GUN,GUNZ,764,0.028907534169987793,30001202.53644982,6603694.36335376,0.36781156,4.15338793,-8.35406315,1037833333,2025-08-17T17:59:00.000Z,2025-08-17T18:00:12.334Z
HAMMY,SAD HAMSTER,2048,0.0012906228732235436,1215639.2975678472,19267.93211453,-0.703237,0.88432837,4.90386191,941901250,2025-08-17T17:59:00.000Z,2025-08-17T18:00:12.334Z
HARAMBE,Harambe on Solana,4094,0.004479798490171785,0,95901.09478127,-0.77527192,3.15037741,-15.27476076,0,2025-08-17T17:59:00.000Z,2025-08-17T18:00:12.334Z
JELLYJELLY,Jelly-My-Jelly,870,0.021314564942745074,21314545.73832206,2604097.99397463,0.05677867,1.32497288,-6.8339927,999999099,2025-08-17T17:58:00.000Z,2025-08-17T18:00:12.334Z
KERNEL,KernelDAO,615,0.20460170830853508,45559677.82733984,22535103.26670508,-1.32326926,-0.75935815,-2.73063249,222674963,2025-08-17T17:59:00.000Z,2025-08-17T18:00:12.334Z
KIMBO,Kimbo,1951,0.000022489228979089383,1561202.275728385,58108.47923471,-0.56394551,-0.14975845,2.76586523,69420000000,2025-08-17T17:59:00.000Z,2025-08-17T18:00:12.334Z
LFNTY,Lifinity,7203,0.897646252208032,0,0,0,-0.67317933,0.4592355,0,2025-08-17T17:59:00.000Z,2025-08-17T18:00:12.334Z
LOCKIN,LOCK IN,3472,0.01575067259702209,0,1749774.58925981,-0.852222,-4.92946823,-7.81004448,0,2025-08-17T17:59:00.000Z,2025-08-17T18:00:12.334Z
MATES,MATES,8865,0.00010626131557825517,0,0,0,2.51710725,5.2864026,0,2025-08-17T17:59:00.000Z,2025-08-17T18:00:12.334Z
MEDIA,Media Network,5461,0.9076731805099842,0,1285.73280657,-0.13951702,0.10339807,27.544451,0,2025-08-17T17:59:00.000Z,2025-08-17T18:00:12.334Z
META,Metadium,703,0.021291777222205065,36556037.97710125,579617.63218311,534.82827154,1.52426968,-2.09823927,1716908720,2025-08-17T17:58:00.000Z,2025-08-17T18:00:12.334Z
MICHI,Michi,3504,0.0006644716557999514,0,1314872.08513176,-6.2666001,224.64458103,-37.34327851,0,2025-08-17T17:59:00.000Z,2025-08-17T18:00:12.334Z
MINI,mini,3567,0.01479408745703651,0,762746.90002204,-2.20401779,-6.15799467,-11.32080715,0,2025-08-17T17:59:00.000Z,2025-08-17T18:00:12.334Z
MNDE,Marinade,3541,0.1197733678068771,0,948332.52610505,0.23915454,1.30540519,5.02920495,0,2025-08-17T17:59:00.000Z,2025-08-17T18:00:12.334Z
MOE,Merchant Moe,4360,0.06055577957017697,0,49425.59640788,0.68243898,2.04610643,17.32784373,0,2025-08-17T17:58:00.000Z,2025-08-17T18:00:12.334Z
MOTHER,Mother Iggy,1195,0.009226660909271222,9098808.492817495,378162.91186811,-0.31699758,6.05519742,-5.81969156,986143154.31,2025-08-17T17:58:00.000Z,2025-08-17T18:00:12.334Z
MUMU,Mumu the Bull (SOL),1197,0.000003969179513078371,9062448.196066907,453940.95278719,-0.94521004,1.18482101,-5.77915206,2283204416985,2025-08-17T17:59:00.000Z,2025-08-17T18:00:12.334Z
MV,GensoKishi Metaverse,1586,0.00790155909307798,3560666.324061227,523726.57624577,-0.4086441,1.94418761,1.1060328,450628323.1091045,2025-08-17T17:59:00.000Z,2025-08-17T18:00:12.334Z
MYRO,Myro,824,0.026030843188951,24578421.4466743,3728410.12137821,-1.04597927,0.97047367,10.14273439,944203815,2025-08-17T17:58:00.000Z,2025-08-17T18:00:12.334Z
NATIX,NATIX Network,1085,0.0007505839865903191,12109136.10315585,316994.59605713,0.34323606,-5.12293308,-11.34048619,16132952900,2025-08-17T17:59:00.000Z,2025-08-17T18:00:12.334Z
NEON,Neon EVM,877,0.08760662415459954,20978766.421872105,561309.40228913,0.10054909,-2.59765124,-6.46590757,239465527,2025-08-17T17:58:00.000Z,2025-08-17T18:00:12.334Z
NEUR,neur.sh,2182,0.0009549214733398421,875607.3666021415,153549.58500815,-0.86616634,1.57804824,13.12817345,916941749.712362,2025-08-17T17:59:00.000Z,2025-08-17T18:00:12.334Z
NOS,Nosana,823,0.516934618723724,24915041.58014878,433667.41058008,0.40147808,-2.0179231,1.75251207,48197665,2025-08-17T17:58:00.000Z,2025-08-17T18:00:12.334Z
ORE,Ore,4742,13.99467102269297,0,19287.93508612,0.56288032,4.8131748,7.70929507,0,2025-08-17T17:58:00.000Z,2025-08-17T18:00:12.334Z
PHAR,Pharaoh,3956,362.7960350061597,0,137185.58439393,0.82455153,6.61757802,4.28392754,0,2025-08-17T17:59:00.000Z,2025-08-17T18:00:12.334Z
PIPPIN,pippin,960,0.016990341164913797,16990277.502105452,3455012.21141719,-0.06955359,1.7024582,-10.04146996,999996253,2025-08-17T17:59:00.000Z,2025-08-17T18:00:12.334Z
PRAI,Privasea AI,1444,0.02397420888428851,4939538.114578825,2726305.12775745,-0.4591294,12.08279335,-19.66390075,206035500,2025-08-17T17:59:00.000Z,2025-08-17T18:00:12.334Z
PRCL,Parcl,702,0.08872150219064712,36578496.35489526,6869104.77394052,-1.49682073,2.73872976,-7.23650651,412284457,2025-08-17T17:59:00.000Z,2025-08-17T18:00:12.334Z
PUFFER,Puffer,663,0.22967937973114047,40411881.30064931,13734896.13196348,0.17902348,4.63185737,2.00331665,175949105,2025-08-17T17:58:00.000Z,2025-08-17T18:00:12.334Z
RAMEN,Ramen,5580,0.012550639605696438,0,652.39307732,1.79698916,3.04831112,4.58297346,0,2025-08-17T17:59:00.000Z,2025-08-17T18:00:12.334Z
REGENT,REGENT COIN,3101,0.011606054608858881,33397.745343277384,1419423.66056645,-0.85252204,-0.88133622,-28.36314017,2877614.01,2025-08-17T17:58:00.000Z,2025-08-17T18:00:12.334Z
REN,Ren,1177,0.009507954678520999,9501588.916145446,599281.45317412,-0.09048067,0.82185925,-2.79579219,999330480.3618875,2025-08-17T17:58:00.000Z,2025-08-17T18:00:12.334Z
RETARDIO,RETARDIO,848,0.023132415087437116,22569632.690864857,1033890.16377382,2.3016256,4.52280115,-15.71483891,975671265,2025-08-17T17:59:00.000Z,2025-08-17T18:00:12.334Z
SCF,Smoking Chicken Fish,1387,0.005651813760118988,5651308.759821075,749755.06340902,-0.29175388,3.12820614,-5.10959266,999910648.1,2025-08-17T17:59:00.000Z,2025-08-17T18:00:12.334Z
SDEX,SmarDex,643,0.004529052083875402,41858281.99264243,529560.48461543,0.00208336,2.01230072,-4.18255462,9242172802.929062,2025-08-17T17:59:00.000Z,2025-08-17T18:00:12.334Z
SELFIE,SelfieDogCoin,1835,0.0021052406869833873,2070963.014961557,95786.12267289,-0.35977189,7.2476736,-3.48229752,983717932,2025-08-17T17:59:00.000Z,2025-08-17T18:00:12.334Z
SEND,Suilend,780,0.5888803469608687,28690274.648027748,2777195.4100685,0.09551966,5.51749452,2.2728918,48720041,2025-08-17T17:59:00.000Z,2025-08-17T18:00:12.334Z
SHDW,Shadow Token,931,0.10771664375188192,18210108.552737847,220773.45371046,-0.48376167,-1.24756897,-4.49845628,169055662.32349026,2025-08-17T17:59:00.000Z,2025-08-17T18:00:12.334Z
SIGMA,SIGMA,1045,0.015125852535490808,13610986.346488055,1577583.73724034,0.21838043,5.83040318,-8.54836808,899849202.85,2025-08-17T17:59:00.000Z,2025-08-17T18:00:12.334Z
SNAI,SwarmNode.ai,1097,0.01164642538146885,11645881.495744793,2157185.39893634,-1.36584864,22.16621642,27.40326775,999953300.201028,2025-08-17T17:59:00.000Z,2025-08-17T18:00:12.334Z
SOLA,SOLA Token,,,,0,0,0,0.01010999,0,2023-10-20T18:30:00.000Z,2025-08-17T18:00:12.334Z
SOLID,Solana ID,5491,0.00496404783431995,0,1135.49867217,-0.21622802,4.56342477,-14.33061502,0,2025-08-17T17:58:00.000Z,2025-08-17T18:00:12.334Z
SWEAT,SWEAT,951,0.0024415873467779,17603651.578302555,2942028.36225785,1.02508165,1.75816045,3.31223511,7209920874.44,2025-08-17T17:58:00.000Z,2025-08-17T18:00:12.334Z
TADA,Ta-da,1784,0.003433108779695934,2354346.249998519,102490.67638894,0.00502224,2.64509515,2.58836424,685776770,2025-08-17T17:58:00.000Z,2025-08-17T18:00:12.334Z
TANK,CryptoTanks,,,,0,0,0,-9.3276853,48610000,2025-04-21T03:20:00.000Z,2025-08-17T18:00:12.334Z
TOOKER,tooker kurlson,4314,0.0006361495635193172,0,52471.92958775,-0.15084505,2.41322648,24.91560113,0,2025-08-17T17:58:00.000Z,2025-08-17T18:00:12.334Z
TREMP,Doland Tremp,3486,0.020214579015829834,0,1587305.41581379,0.6820831,0.58501844,1.1357067,0,2025-08-17T17:58:00.000Z,2025-08-17T18:00:12.334Z
UOS,Ultra,876,0.04708471894062513,21008857.535510782,1114226.31447606,-0.78709021,0.5589319,-4.68609495,446192692.8353,2025-08-17T17:59:00.000Z,2025-08-17T18:00:12.334Z
USA,American Coin,3433,9.038486195706606e-7,0,3141123.94557186,-0.86362493,1.40662385,-6.51780719,0,2025-08-17T17:58:00.000Z,2025-08-17T18:00:12.334Z
VCHF,VNX Swiss Franc,1427,1.2428094856101528,5107787.217503409,215344.65417837,-0.16510232,0.37213197,0.2561961,4109871.44582,2025-08-17T17:59:00.000Z,2025-08-17T18:00:12.334Z
VEUR,VNX Euro,1652,1.1705573538723768,3235517.3909533676,174825.72206289,-0.25458873,-0.01701691,0.16662955,2764082.75105,2025-08-17T17:59:00.000Z,2025-08-17T18:00:12.334Z
VGBP,VNX British Pound,3953,1.3571799949317283,0,138781.9602985,-0.4641605,-0.04152721,1.19799761,0,2025-08-17T17:58:00.000Z,2025-08-17T18:00:12.334Z
VNX,VNX Community Hub,9129,0.049642907719592885,0,0,0,-0.00447884,-2.01158873,0,2025-08-17T17:59:00.000Z,2025-08-17T18:00:12.334Z
VNXAU,VNX Gold,1693,107.76661600004353,3028241.909601223,27794.22524328,0.12975276,0.19676316,-1.64900608,28100,2025-08-17T17:59:00.000Z,2025-08-17T18:00:12.334Z
VVAIFU,Dasha,1689,0.0030658651677866163,3045318.2011020076,384739.81452282,0.22217569,-0.05728336,8.77263218,993298150.583888,2025-08-17T17:58:00.000Z,2025-08-17T18:00:12.334Z
WEN,Wen,795,0.00003760364495208937,27364809.863392614,2517350.44742033,-0.77185926,1.9548698,-5.47615983,727716951329,2025-08-17T17:59:00.000Z,2025-08-17T18:00:12.334Z
WINK,Wink,5075,0.0007568694749944503,0,7665.27043176,1.09235029,4.25118592,0.82973959,0,2025-08-17T17:58:00.000Z,2025-08-17T18:00:12.334Z
WXM,WeatherXM,4012,0.11311913742640203,0,123590.69740175,-1.51049189,0.15338606,-16.73419688,0,2025-08-17T17:58:00.000Z,2025-08-17T18:00:12.334Z
XBG,XBorg,3998,0.11397336986619379,0,125954.14534414,0.01630298,3.90759213,6.91457074,0,2025-08-17T17:59:00.000Z,2025-08-17T18:00:12.334Z
YNE,yesnoerror,1331,0.00660790277681332,6607892.646898363,2852462.05281764,-3.58715323,5.8841767,19.49771019,999998467,2025-08-17T17:59:00.000Z,2025-08-17T18:00:12.334Z
ZEREBRO,Zerebro,789,0.02797917025580665,27977917.70082757,3596954.04619263,-0.15979832,1.78373724,-5.74653318,999955232.590258,2025-08-17T17:58:00.000Z,2025-08-17T18:00:12.334Z
ZEUS,Pepes Dog,1524,9.616529071735281e-9,4045577.6151883155,798151.3696273,-0.09237748,7.91912837,-4.95617498,420690000000000,2025-08-17T17:59:00.000Z,2025-08-17T18:00:12.334Z
ZEX,Zeta,997,0.08200839028633189,15398697.328051765,886760.57761519,0.05230722,1.48841783,-6.74172427,187769779.095618,2025-08-17T17:59:00.000Z,2025-08-17T18:00:12.334Z
KLON,Klondike Finance,,,,0,0,6.3214922,-9.93044712,0,2021-06-14T09:45:23.000Z,2025-08-17T18:00:12.334Z