symbol,name,cmc_rank,price_usd,market_cap_usd,volume_24h_usd,pct_1h,pct_24h,pct_7d,circulating_supply,last_updated,timestamp_snapshot
4,4,864,0.010345609430570696,10345609.430570696,2509552.57751748,-2.08626323,8.97452467,22.70906638,1000000000,2026-08-05T16:58:00.000Z,2026-08-05T17:00:33.923Z
CHONKY,CHONKY,2496,0.00028320972579987,283209.72136693983,0,0,0.7526683,6.48858434,999999984.3475369,2026-08-05T16:58:00.000Z,2026-08-05T17:00:33.923Z
APU,Apu Apustaja,1051,0.000019886882066023,6719561.60477379,177303.64636346,1.10490107,0.25672254,-0.97054435,337889146346.0888,2026-08-05T16:58:00.000Z,2026-08-05T17:00:33.923Z
SHIB,Shiba Inu,26,0.000004910025949969,2893181888.895831,71877320.18877111,0.22085436,-1.82684745,4.19169134,589239633023550.8,2026-08-05T16:59:00.000Z,2026-08-05T17:00:33.923Z
HNT,Helium,456,0.1806796673039192,33664495.48289974,3281985.56930425,0.29930823,-0.44620283,-0.0401988,186321438.2959488,2026-08-05T16:58:00.000Z,2026-08-05T17:00:33.923Z
COMP,Compound,132,16.371335908796336,163713359.08578402,7080499.54756416,0.33101228,-1.1313897,-0.40553247,9999999.99986688,2026-08-05T16:59:00.000Z,2026-08-05T17:00:33.923Z
CLY,Colony,3352,0.000300382300979749,33864.38772150371,1.31550579,0.29392412,-1.3091105,0.30723311,112737626.72117867,2026-08-05T16:58:00.000Z,2026-08-05T17:00:33.923Z
GIGA,Gigachad,674,0.001882736649026874,17513991.78588088,1579749.14795548,-0.13307471,-1.16808744,-7.1275845,9302411888,2026-08-05T16:59:00.000Z,2026-08-05T17:00:33.923Z
PENGU,Pudgy Penguins,85,0.006141804859091248,386076286.1502082,35342720.66680828,0.47850638,1.8289303,6.01107571,62860396090.04,2026-08-05T16:59:00.000Z,2026-08-05T17:00:33.923Z
META,Metadium,824,0.006678955157696993,11632126.543134058,148597.04495141,0.15395302,-1.52409491,-4.67932418,1741608720,2026-08-05T16:59:00.000Z,2026-08-05T17:00:33.923Z
HARAMBE,Harambe on Solana,4616,0.000332705015342083,0,6440.84847258,-0.84475256,7.93566128,1.57967672,0,2026-08-05T16:59:00.000Z,2026-08-05T17:00:33.923Z
IO,io.net,343,0.12541897301667643,47459998.43775674,19510437.6664473,-0.23461005,0.85513315,-2.79840073,378411633.3933478,2026-08-05T16:58:00.000Z,2026-08-05T17:00:33.923Z
VVAIFU,Dasha,2672,0.000196544469928881,195212.83607307525,0,0,0.6080639,-4.65481434,993224770.67766,2026-08-05T16:59:00.000Z,2026-08-05T17:00:33.923Z
BTC,Bitcoin,1,64620.037608733604,1296676530823.1667,23843194215.8607,0.43492383,1.11917047,1.43271294,20066168,2026-08-05T16:58:00.000Z,2026-08-05T17:00:33.923Z
TON,AT&T Tokenized Stock (Ondo),3587,23.453431907539077,13970.770424446211,27.11609891,-0.09069426,-1.82539765,-6.32315062,595.68128364,2026-08-05T16:58:00.000Z,2026-08-05T17:00:33.923Z
PIPPIN,pippin,692,0.016922306305852508,16922242.89797078,4804023.26337792,1.01397822,-2.74051542,10.75298014,999996253,2026-08-05T16:58:00.000Z,2026-08-05T17:00:33.923Z
CHILLGUY,Just a chill guy,910,0.009465964192118589,9465410.088577103,3839888.54381489,-0.14772633,0.42397091,7.94842876,999941463.592061,2026-08-05T16:58:00.000Z,2026-08-05T17:00:33.923Z
HAMMY,SAD HAMSTER,2612,0.000233194173557987,219645.88356698505,1475.82136083,1.18844625,-0.3755166,6.44680867,941901250,2026-08-05T16:58:00.000Z,2026-08-05T17:00:33.923Z
MICHI,Michi,4936,0.001798708729573395,0,781.21956328,0.0186663,0.01672027,0.06903877,0,2026-08-05T16:59:00.000Z,2026-08-05T17:00:33.923Z
PNUT,Peanut the Squirrel,405,0.03890728558555895,38901127.07034905,7110030.07794128,0.0364874,-0.74491844,0.88065645,999841713.059207,2026-08-05T16:59:00.000Z,2026-08-05T17:00:33.923Z
OMFG,Omnipair,7471,0.1850627010298351,0,0,0,-1.53890496,21.71687475,0,2026-08-05T16:59:00.000Z,2026-08-05T17:00:33.923Z
GOAT,Goatseus Maximus,773,0.013232136621528702,13231859.575710794,1842363.99193394,0.44832298,0.71312876,7.7780444,999979062.654367,2026-08-05T16:58:00.000Z,2026-08-05T17:00:33.923Z
CROWN,Crown by Third Time Games,2073,0.003041845595537854,665805.8651371725,374.21305467,-0.01786799,-6.92075856,-30.10198374,218882203,2026-08-05T16:58:00.000Z,2026-08-05T17:00:33.923Z
KNC,Kyber Network Crystal v2,598,0.10255374076781694,21455073.521270942,2316287.38925121,-0.27781411,-0.41920285,0.00007445,209208102.6068617,2026-08-05T16:59:00.000Z,2026-08-05T17:00:33.923Z
VCHF,VNX Swiss Franc,1157,1.2291683815440042,5002557.298150726,8524.37119953,-0.05005776,-0.05860933,0.68904871,4069871.44582,2026-08-05T16:58:00.000Z,2026-08-05T17:00:33.923Z
NEIRO,Neiro,541,0.000062146370548417,26144003.14203055,2677157.75623365,-0.02849067,1.54372325,7.09552461,420684312073.5773,2026-08-05T16:59:00.000Z,2026-08-05T17:00:33.923Z
ALEPH,Aleph Cloud,1442,0.009965178203600017,2463596.1601529825,60720.6623193,0.08027181,1.93239524,0.21997106,247220482.1448135,2026-08-05T16:58:00.000Z,2026-08-05T17:00:33.923Z
GNO,Gnosis,99,104.75345395701582,276497747.13246965,843847.91345711,0.34507036,0.78366184,-1.67143668,2639509.59789762,2026-08-05T16:58:00.000Z,2026-08-05T17:00:33.923Z
ALGO,Algorand,60,0.08977754747748701,809742616.8036112,20801420.36274447,-0.1827695,-0.00779659,16.13188256,9019433472.569136,2026-08-05T16:59:00.000Z,2026-08-05T17:00:33.923Z
VANRY,Vanar Chain,954,0.003598484318424633,8547367.168994864,23388239.12405686,0.00058558,5.85608378,-12.17136736,2375268700,2026-08-05T16:58:00.000Z,2026-08-05T17:00:33.923Z
PENDLE,Pendle,109,1.4006507513141968,241009677.5495194,23837853.94748212,1.71082983,4.64567421,-1.20670419,172069787.79212865,2026-08-05T16:58:00.000Z,2026-08-05T17:00:33.923Z
TOOKER,tooker kurlson,4165,0.000353535743965873,0,144335.89630532,-19.53439409,458.09901102,433.48109731,0,2026-08-05T16:58:00.000Z,2026-08-05T17:00:33.923Z
BITCOIN,HarryPotterObamaSonic10Inu (ERC-20),931,0.00905957559623901,9057746.966202788,575294.54151293,0.66333123,9.05402514,3.06315937,999798155,2026-08-05T16:59:00.000Z,2026-08-05T17:00:33.923Z
USA,American Coin,1606,1.4282349901803293e-7,1651408.1127417642,31054.72304261,0.61966065,-2.19478409,-9.3499313,11562579856227,2026-08-05T16:58:00.000Z,2026-08-05T17:00:33.923Z
AURY,Aurory,1701,0.014499645917907374,1355174.455770692,52633.03321142,-0.05032922,-0.05277374,-1.89173437,93462589.6,2026-08-05T16:58:00.000Z,2026-08-05T17:00:33.923Z
API3,API3,705,0.18726057887588493,16183429.627878992,6226183.86718406,-0.04566916,-0.8590794,-2.7589622,86421978,2026-08-05T16:59:00.000Z,2026-08-05T17:00:33.923Z
COW,CoW Protocol,288,0.10792291127627839,62036355.669491164,2736468.34904724,0.21415769,-1.05527702,-8.60123121,574820998.9506357,2026-08-05T16:58:00.000Z,2026-08-05T17:00:33.923Z
GLMR,Moonbeam,923,0.007590191365697835,9137701.896498924,2917680.40517171,0.01223636,0.74643994,1.06407168,1203882940,2026-08-05T16:58:00.000Z,2026-08-05T17:00:33.923Z
MINI,mini,4187,0.000862896464866307,0,120062.49582594,0.21735788,-2.71142455,3.19268723,0,2026-08-05T16:58:00.000Z,2026-08-05T17:00:33.923Z
MUMU,Mumu The Bull (mumuthatbull),1974,0.000787083346875862,787083.3468758625,472858.48936196,-4.62696737,-16.25719172,-34.292254,1000000000,2026-08-05T16:59:00.000Z,2026-08-05T17:00:33.923Z
FET,Artificial Superintelligence Alliance,91,0.1471433926431274,328298944.39771616,106659292.93834792,-0.98821531,2.10079246,8.71803383,2231149754.674696,2026-08-05T16:59:00.000Z,2026-08-05T17:00:33.923Z
BNB,BNB,4,598.7190009695757,79728254115.97047,1228142902.8778448,-0.15723552,1.11372605,5.41055242,133164730.01,2026-08-05T16:59:00.000Z,2026-08-05T17:00:33.923Z
ETH,Ethereum,2,1892.2774228736978,228364149736.53107,8594167169.828552,1.09360927,1.32348443,0.00185736,120682172.16782463,2026-08-05T16:58:00.000Z,2026-08-05T17:00:33.923Z
REN,Ren,1322,0.003329157250106169,3305447.0298642507,2720.18838095,0.61216439,3.73540225,-2.33686679,992878011.322186,2026-08-05T16:58:00.000Z,2026-08-05T17:00:33.923Z
LRC,Loopring,749,0.01036537111409412,14184046.374582306,2591807.02859705,0.38996684,-0.26898524,-1.56598457,1368406998.500595,2026-08-05T16:58:00.000Z,2026-08-05T17:00:33.923Z
MORPHO,Morpho,53,1.8982604122549045,980382427.3948536,10639363.98229661,0.31850661,1.17137526,-4.18243649,516463611.13872546,2026-08-05T16:59:00.000Z,2026-08-05T17:00:33.923Z
AIPUMP,aiPump,3659,0.000026763529397941,10187.985513571757,0,0,0,-2.66339799,380666741,2026-08-05T16:58:00.000Z,2026-08-05T17:00:33.923Z
TRB,Tellor,416,13.472011056053448,37722466.22163513,6405661.75234295,0.12060411,-0.06346126,0.47943949,2800062,2026-08-05T16:58:00.000Z,2026-08-05T17:00:33.923Z
RETARDIO,RETARDIO,1762,0.00123772244763169,1207610.2261997072,36181.14133462,0.15962324,0.04903279,2.32049333,975671265,2026-08-05T16:59:00.000Z,2026-08-05T17:00:33.923Z
BNT,Bancor,524,0.26605717103200205,27553260.34750191,1517432.46253638,0.42337782,0.0649731,-2.62658994,103561427.19486307,2026-08-05T16:58:00.000Z,2026-08-05T17:00:33.923Z
USDT,Tether USDt,3,0.9990794420653852,183085909879.46497,48737464433.87401,0.00305301,-0.00244808,0.04473175,183254606361.40567,2026-08-05T16:58:00.000Z,2026-08-05T17:00:33.923Z
ZEX,Zeta,2620,0.001147556850528413,215474.92396672055,11101.61776369,-0.11636239,-41.62663163,-45.71092793,187768408.918043,2026-08-05T16:58:00.000Z,2026-08-05T17:00:33.923Z
SHDW,Shadow Token,1409,0.015843960022729076,2678478.5326670134,6844.41206769,0.79439738,-0.35769991,-16.29304181,169053603.31789407,2026-08-05T16:58:00.000Z,2026-08-05T17:00:33.923Z
BORGY,BORGY,1498,0.000027109185826997,2103048.725023324,522.79433211,1.53808291,-0.29269523,5.70483593,77576978462,2026-08-05T16:58:00.000Z,2026-08-05T17:00:33.923Z
CHZ,Chiliz,149,0.012773936747013558,133773283.32899034,18039018.66498617,0.45083559,-0.90798407,-2.89020917,10472361495,2026-08-05T16:59:00.000Z,2026-08-05T17:00:33.923Z
DOGS,DOGS,659,0.000034794458591616,17980036.477217507,2465064.13738413,0.21844689,0.04408532,3.31414079,516750000000,2026-08-05T16:59:00.000Z,2026-08-05T17:00:33.923Z
XRP,XRP,6,1.0661911537219397,66672421371.70927,1061250993.1838789,0.53945559,-0.67022275,-0.19903054,62533271955,2026-08-05T16:59:00.000Z,2026-08-05T17:00:33.923Z
ME,Magic Eden,445,0.05941393921028824,34819963.60594465,116104283.35699604,0.14588977,-0.63438146,-0.80486821,586057145.322476,2026-08-05T16:58:00.000Z,2026-08-05T17:00:33.923Z
GRASS,Grass,194,0.30717082846465804,74920528.86921781,11883409.06554911,0.94714036,4.08012325,-2.6576457,243905091,2026-08-05T16:59:00.000Z,2026-08-05T17:00:33.923Z
NATIX,NATIX Network,1379,0.000070294241012448,2854169.3370555514,87196.89924504,0.08201943,0.69087478,-0.72778821,40603174541,2026-08-05T16:59:00.000Z,2026-08-05T17:00:33.923Z
FLOKI,FLOKI,120,0.000020628548185366,197525751.87668216,12438342.96254308,0.2613427,0.97513872,1.40289054,9575358871682.87,2026-08-05T16:58:00.000Z,2026-08-05T17:00:33.923Z
TRX,TRON,8,0.3276748517420326,31093741583.76882,514789107.135685,0.11284421,-0.95424687,0.46285218,94892059669.71149,2026-08-05T16:59:00.000Z,2026-08-05T17:00:33.923Z
JOE,JOE,838,0.024787240863992387,11332271.85065815,4659095.94182097,-0.00597277,2.3664181,3.56620251,457181657,2026-08-05T16:59:00.000Z,2026-08-05T17:00:33.923Z
OSMO,Osmosis,584,0.028122081322413343,22035743.585661624,2146630.40394644,0.28600762,-0.45846221,5.30778726,783574420.862623,2026-08-05T16:59:00.000Z,2026-08-05T17:00:33.923Z
VEUR,VNX Euro,1658,0.536308690061654,1482401.5994376384,0,0,0,-5.56870224,2764082.75105,2026-08-05T16:59:00.000Z,2026-08-05T17:00:33.923Z
MV,GensoKishi Metaverse,3179,0.000150186533536677,58432.783265666294,23.73680354,-0.1076818,-0.78416158,-2.63912516,389068060.16264045,2026-08-05T16:58:00.000Z,2026-08-05T17:00:33.923Z
TREMP,Doland Tremp,4758,0.003236124130483121,0,2509.21409806,0.57620793,-0.07640795,-8.28413577,0,2026-08-05T16:59:00.000Z,2026-08-05T17:00:33.923Z
AVA,AVA (Travala),776,0.17965710955788067,13165087.402607322,10429713.65417295,-0.58197891,4.57184129,20.06469925,73278967,2026-08-05T16:59:00.000Z,2026-08-05T17:00:33.923Z
NOT,Notcoin,448,0.000348297253949317,34630971.610393256,2766704.50860637,0.55439038,1.05723307,6.30083686,99429355866.90741,2026-08-05T16:58:00.000Z,2026-08-05T17:00:33.923Z
NOS,Nosana,636,0.26678457608651246,19184573.99069819,267212.90687911,-0.14289953,-0.23369276,9.51558912,71910356.558533,2026-08-05T16:59:00.000Z,2026-08-05T17:00:33.923Z
SIGMA,SIGMA,1889,0.001034259891190939,930677.938627894,781863.26229534,-0.17477646,-3.07313873,-0.81851916,899849202.85,2026-08-05T16:58:00.000Z,2026-08-05T17:00:33.923Z
LOCKIN,LOCK IN,4054,0.000953275752037766,0,395390.64884864,-0.22284127,-4.75607381,-14.38203095,0,2026-08-05T16:59:00.000Z,2026-08-05T17:00:33.923Z
USDC,USDC,5,0.9999780556852875,71952165806.99683,8982237455.833506,0.01917388,0.00771533,0.02725748,71953744782.61708,2026-08-05T16:58:00.000Z,2026-08-05T17:00:33.923Z
TRUMP,OFFICIAL TRUMP,87,1.4652685210049885,363753242.5285455,125065999.33729348,0.34911253,0.15764225,3.07011031,248250226.708656,2026-08-05T16:58:00.000Z,2026-08-05T17:00:33.923Z
MEW,cat in a dogs world,499,0.000333448383010922,29638731.128623627,1850382.53425301,-0.11567786,-0.40942588,4.26208004,88885514636.46722,2026-08-05T16:58:00.000Z,2026-08-05T17:00:33.923Z
ORE,Ore,493,62.58345456095595,30169515.719238568,565733.21436376,-0.30479,-0.96724826,0.42350411,482068.55838956,2026-08-05T16:58:00.000Z,2026-08-05T17:00:33.923Z
INJ,Injective,77,4.954427729367212,495298869.1061079,41262029.57269792,0.7882288,1.41526346,7.95586604,99970954.5,2026-08-05T16:58:00.000Z,2026-08-05T17:00:33.923Z
GRT,The Graph,134,0.014470718488591694,158005885.26055557,9484750.70605669,0.26424292,-1.22680588,-2.12206075,10919007607.336357,2026-08-05T16:58:00.000Z,2026-08-05T17:00:33.923Z
MYRO,Myro,1564,0.001906672908395494,1800287.834064171,161904.33358023,-0.84131797,0.84814763,0.80843736,944203815,2026-08-05T16:58:00.000Z,2026-08-05T17:00:33.923Z
ALCH,Alchemist AI,565,0.0279941591899937,23795035.311494645,2619998.40325383,0.32479706,0.4963429,5.72874301,850000000,2026-08-05T16:58:00.000Z,2026-08-05T17:00:33.923Z
GRIFFAIN,GRIFFAIN,941,0.008788361498586295,8787316.738171343,3176168.91467436,-0.1164869,1.1753811,16.09278936,999881120,2026-08-05T16:59:00.000Z,2026-08-05T17:00:33.923Z
XLM,Stellar,16,0.16691188731547038,5723773244.206562,113972120.46842954,0.10844307,-0.99898928,-2.65729313,34292184554.76687,2026-08-05T16:58:00.000Z,2026-08-05T17:00:33.923Z
LINK,Chainlink,15,8.184827041018124,6123068867.318449,167611886.04317048,0.82838798,0.17561557,-0.99985126,748099970.424884,2026-08-05T16:59:00.000Z,2026-08-05T17:00:33.923Z
AGA,AGA Token,,,,0,0,0,-0.21566131,0,2025-04-21T14:00:00.000Z,2026-08-05T17:00:33.923Z
MOODENG,Moo Deng (moodengsol.com),428,0.03653526183256321,36168878.59724754,10424834.59043928,0.039005,2.09465645,8.00324437,989971791.17,2026-08-05T16:59:00.000Z,2026-08-05T17:00:33.923Z
MOE,Merchant Moe,6542,0.00684597172411252,0,0,0,2.33938335,-1.95869174,0,2026-08-05T16:58:00.000Z,2026-08-05T17:00:33.923Z
SDEX,SmarDex,1151,0.000515835110859034,5058041.298792062,274965.39995586,0.05188526,-0.25169624,-9.06723111,9805539003.284935,2026-08-05T16:58:00.000Z,2026-08-05T17:00:33.923Z
POPCAT,Popcat (SOL),366,0.0446372294518227,43741632.04373807,9320649.29976699,0.23245172,-0.63034651,9.62817896,979936088.7966567,2026-08-05T16:58:00.000Z,2026-08-05T17:00:33.923Z
LQTY,Liquity,687,0.17687290712993117,17026131.874654043,2053372.90057953,0.18247852,-2.89963832,-10.42424195,96261955.27021341,2026-08-05T16:59:00.000Z,2026-08-05T17:00:33.923Z
BIO,Bio Protocol,309,0.024878575136902704,56270304.76231983,54239719.25686003,0.62254069,13.00059964,9.99485944,2261797729.68,2026-08-05T16:59:00.000Z,2026-08-05T17:00:33.923Z
BLZE,BLAZE TOKEN,,,,0,0,0,0,0,2024-05-28T01:21:00.000Z,2026-08-05T17:00:33.923Z
SWEAT,SWEAT,1418,0.000309692297593517,2618981.19804418,715736.37258294,10.16080835,-8.61684946,-21.15810166,8456720488.03,2026-08-05T16:59:00.000Z,2026-08-05T17:00:33.923Z
NEON,Neon EVM,1279,0.015291728492728317,3661841.822252102,142011.43967922,0.90827435,-1.10179416,-16.61977535,239465527,2026-08-05T16:58:00.000Z,2026-08-05T17:00:33.923Z
ZEREBRO,Zerebro,422,0.03702551783556608,37023589.42973297,6129241.08375046,0.86782392,-11.41899354,-1.0957687,999947916.843684,2026-08-05T16:59:00.000Z,2026-08-05T17:00:33.923Z
BAT,Basic Attention Token,168,0.06749181603367196,100949173.38407236,8569184.48085686,0.52678285,2.88318471,0.35652894,1495724656.9526057,2026-08-05T16:59:00.000Z,2026-08-05T17:00:33.923Z
BILLY,Billy (Bitcoin),1764,0.001199562964051954,1199562.964051954,12661.43973319,22.94147015,-4.10155182,-3.8425127,1000000000,2026-08-05T16:59:00.000Z,2026-08-05T17:00:33.923Z
SCF,Smoking Chicken Fish,2363,0.000375795012340148,375761.43434178457,1195.2780696,-0.71508121,2.09322253,12.72285808,999910648.1,2026-08-05T16:58:00.000Z,2026-08-05T17:00:33.923Z
UOS,Ultra,1704,0.002803799929375231,1344763.7159745377,79074.85690592,-0.08802265,0.29943077,1.32236476,479621852.4316,2026-08-05T16:58:00.000Z,2026-08-05T17:00:33.923Z
SELFIE,SelfieDogCoin,2588,0.00023985562965145,235950.2839792823,0,0,-1.87209447,3.44115907,983717932,2026-08-05T16:58:00.000Z,2026-08-05T17:00:33.923Z
HONEY,Hivemapper,1217,0.00069786048063836,4259328.714947116,240647.12428806,2.59982008,-4.17714654,-8.4823381,6103410112.936823,2026-08-05T16:58:00.000Z,2026-08-05T17:00:33.923Z
GRIFT,ORBIT,2865,0.000129411902966129,129364.94798261503,0,0,-1.85097043,1.78926804,999637166.424126,2026-08-05T16:58:00.000Z,2026-08-05T17:00:33.923Z
APT,Aptos,76,0.5926406145540385,501178835.41224796,32090511.38791123,0.80965975,2.78252793,6.45948481,845670754.08658,2026-08-05T16:58:00.000Z,2026-08-05T17:00:33.923Z
TRAC,OriginTrail,145,0.2766476252208133,138323812.61040664,3124933.79764097,0.17537867,-1.27006156,-0.69022782,500000000,2026-08-05T16:58:00.000Z,2026-08-05T17:00:33.923Z
WCT,WalletConnect Token,718,0.0355649504930941,15446139.602428772,4922408.63928111,-0.39244596,-1.75487099,0.54971774,434307918,2026-08-05T16:58:00.000Z,2026-08-05T17:00:33.923Z
RAY,Raydium,131,0.6214550867761852,167366488.42149264,9831685.85526592,0.73684176,1.37877047,4.62423062,269313892.480486,2026-08-05T16:59:00.000Z,2026-08-05T17:00:33.923Z
REGENT,REGENT COIN,1450,0.8318920613920289,2393864.2506694826,977596.70531485,-0.13106836,0.34007303,1.02407654,2877614.01,2026-08-05T16:58:00.000Z,2026-08-05T17:00:33.923Z
NEAR,NEAR Protocol,33,1.7041722753301334,2220182092.130509,106319821.7835799,0.60619658,-1.05120256,7.44703614,1302792050,2026-08-05T16:59:00.000Z,2026-08-05T17:00:33.923Z
AUDIO,Audius,670,0.012170903404447951,17574465.991309844,1931395.46836563,-0.18729763,0.16055978,-1.0633647,1443973829,2026-08-05T16:59:00.000Z,2026-08-05T17:00:33.923Z
QI,BENQI,909,0.00131513065398028,9468940.708658017,657531.52008124,-0.36920855,1.9600628,12.9358579,7200000000,2026-08-05T16:59:00.000Z,2026-08-05T17:00:33.923Z
PYTH,Pyth Network,95,0.038781830181092485,305406198.75067276,10553534.10258747,0.0533163,1.80333797,-3.0610943,7874981591.239319,2026-08-05T16:59:00.000Z,2026-08-05T17:00:33.923Z
KLON,Klondike Finance,,,,0,0,6.3214922,-9.93044712,0,2021-06-14T09:45:23.000Z,2026-08-05T17:00:33.923Z
GHST,Aavegotchi,1459,0.04393171679751214,2317301.464627924,156457.68847347,-0.44300012,0.03540099,-1.17008654,52747801.21406849,2026-08-05T16:58:00.000Z,2026-08-05T17:00:33.923Z
MOTHER,Mother Iggy,2025,0.000739008793141367,728768.4623312536,0,-0.00000126,-1.09480661,-0.13269532,986143154.31,2026-08-05T16:58:00.000Z,2026-08-05T17:00:33.923Z
SUI,Sui,28,0.6914122822045201,2817180007.6950617,132557022.13577029,0.46919626,-0.18769581,1.43457385,4074529886.4415293,2026-08-05T16:58:00.000Z,2026-08-05T17:00:33.923Z
CAKE,PancakeSwap,80,1.4168544939758088,456273862.93468153,23545080.60940985,0.19731524,-0.10913342,3.91442114,322032971.53989327,2026-08-05T16:58:00.000Z,2026-08-05T17:00:33.923Z
DOT,Polkadot,43,0.8527456329721529,1446791872.5498147,103197351.59560701,0.10112252,1.27900074,12.59921913,1696627712.4248385,2026-08-05T16:59:00.000Z,2026-08-05T17:00:33.923Z
POL,Polygon (prev. MATIC),62,0.07462290038485805,797784320.4170519,33118194.62115934,0.26502535,0.37005661,4.1739456,10690877951.708944,2026-08-05T16:58:00.000Z,2026-08-05T17:00:33.923Z
GMT,GMT,611,0.006615788404880409,20584365.069068022,3647350.60144954,-0.0339343,0.37702893,2.80596549,3111400155.102167,2026-08-05T16:58:00.000Z,2026-08-05T17:00:33.923Z
RSR,Reserve Rights,188,0.001212496494759456,75845504.32141551,4070101.14999243,-0.35252943,-4.15559613,0.01254784,62553174091,2026-08-05T16:58:00.000Z,2026-08-05T17:00:33.923Z
ARB,Arbitrum,71,0.08097873491696292,535597918.4028461,33805762.84938765,0.31688341,-0.25509531,4.21368547,6614056381,2026-08-05T16:58:00.000Z,2026-08-05T17:00:33.923Z
AVAX,Avalanche,27,6.667982953126779,2879048076.7677665,233264688.97690138,0.24258887,-0.64274051,4.57897821,431771961.1772119,2026-08-05T16:59:00.000Z,2026-08-05T17:00:33.923Z
ASTER,Aster,39,0.6078458864697626,1641201578.732705,43893525.78613663,0.28612144,0.0221113,1.2334271,2700029094.9807177,2026-08-05T16:59:00.000Z,2026-08-05T17:00:33.923Z
SEI,Sei,97,0.04151503274795515,304674212.5189242,18252413.31082831,0.51244877,0.83011027,-0.50719619,7338888888,2026-08-05T16:58:00.000Z,2026-08-05T17:00:33.923Z
SOLID,Solana ID,5088,0.000276964727544487,0,213.10779934,0.60142827,-1.0925391,-2.46985267,0,2026-08-05T16:59:00.000Z,2026-08-05T17:00:33.923Z
WEN,Wen,1403,0.00000371275903464,2701837.685707219,147874.81444938,0.94532621,-1.67472581,-17.66155487,727716951329,2026-08-05T16:58:00.000Z,2026-08-05T17:00:33.923Z
JTO,Jito,103,0.5099220665887442,258234729.545394,18502814.08823678,-0.14762747,1.30669552,-5.68432951,506419993.3,2026-08-05T16:58:00.000Z,2026-08-05T17:00:33.923Z
PONKE,Ponke,914,0.01677857518504626,9321240.564559331,1194480.00852874,-3.01462506,-5.30108692,-9.21226671,555544226,2026-08-05T16:59:00.000Z,2026-08-05T17:00:33.923Z
FWOG,Fwog (SOL),1240,0.004103024049994816,4003055.214808581,1909862.46614896,-0.84466886,0.01752692,-2.80744054,975635328,2026-08-05T16:59:00.000Z,2026-08-05T17:00:33.923Z
RENDER,Render,66,1.3427476578147706,696580023.936981,17640300.76520302,0.28658364,0.30855166,-3.02488042,518772101.2826915,2026-08-05T16:59:00.000Z,2026-08-05T17:00:33.923Z
SUSHI,SushiSwap,361,0.1544995833578751,44315893.56692693,3910724.00231024,0.06190483,-1.47258362,4.48943523,286835036.0808146,2026-08-05T16:58:00.000Z,2026-08-05T17:00:33.923Z
ATOM,Cosmos,65,1.3440447857518762,703027524.4083334,22465892.6647208,0.18088978,-1.53507878,5.78213264,523068525.58864,2026-08-05T16:59:00.000Z,2026-08-05T17:00:33.923Z
AGENT,AgentLayer,3148,0.000068100700819675,63003.65465852441,0,0,0.44988731,-1.57900319,925154277.4185681,2026-08-05T16:59:00.000Z,2026-08-05T17:00:33.923Z
LPT,Livepeer,282,1.2928044347372547,64238100.80044807,4716699.71445388,-0.03853361,0.27456557,-1.61299489,49688954.55058027,2026-08-05T16:58:00.000Z,2026-08-05T17:00:33.923Z
S,Sonic,283,0.02215261424489232,63799529.02528988,4719945.25574421,0.13567065,-1.59353076,5.57085151,2880000000,2026-08-05T16:59:00.000Z,2026-08-05T17:00:33.923Z
W,Wormhole,320,0.008435311769266655,52708288.780301005,75008477.0918511,1.07107079,1.47510713,1.06025651,6248528830,2026-08-05T16:59:00.000Z,2026-08-05T17:00:33.923Z
SNX,Synthetix,195,0.213939655717358,73705684.58883284,6668840.94844452,0.38959417,0.90729429,1.61119242,344516234.45728827,2026-08-05T16:59:00.000Z,2026-08-05T17:00:33.923Z
BORG,SwissBorg,228,0.14424804573572061,141687995.38564494,114933.94646774,-0.22113981,0.77038894,2.03981996,982252443.442,2026-08-05T16:58:00.000Z,2026-08-05T17:00:33.923Z
CHATOSHI,chAtoshI,4550,0.000553239028014223,0,10594.24190264,0.27801338,0.81187858,1.1391702,0,2026-08-05T16:58:00.000Z,2026-08-05T17:00:33.923Z
MANA,Decentraland,152,0.06692278211402095,132902593.21924715,6734823.11609759,0.33837498,-0.26796189,-1.65870282,1985909566.5331404,2026-08-05T16:59:00.000Z,2026-08-05T17:00:33.923Z
JUP,Jupiter,68,0.18853205209797813,625985417.479651,17983371.10106383,-0.08689355,0.14093406,-2.86864173,3320312968.08,2026-08-05T16:58:00.000Z,2026-08-05T17:00:33.923Z
DRIFT,Drift,1016,0.011995762349167024,7335598.498482838,2007422.1838159,0.10092188,0.20967452,9.09363999,611515824.085346,2026-08-05T16:59:00.000Z,2026-08-05T17:00:33.923Z
TIA,Celestia,94,0.33612471531189575,309212216.59576035,13137394.29542055,0.44725627,0.38562265,6.43370467,919932996.62251,2026-08-05T16:58:00.000Z,2026-08-05T17:00:33.923Z
GGP,GoGoPool,6379,0.006475238126732031,0,0,0,0,-18.11295945,0,2026-08-05T16:58:00.000Z,2026-08-05T17:00:33.923Z
SOL,Solana,7,74.20334776211745,43134912986.48802,1761735075.4083788,0.34753488,0.8079879,1.44592725,581306831.6643984,2026-08-05T16:59:00.000Z,2026-08-05T17:00:33.923Z
ATH,Aethir,186,0.003973123852862836,79974074.73310919,5517305.1156098,0.84978201,1.24153541,3.26296626,20128764593,2026-08-05T16:58:00.000Z,2026-08-05T17:00:33.923Z
BLUR,Blur,408,0.01350725047644985,38614865.9292677,15164714.64601931,0.11963804,0.56857717,-2.39502449,2858825043.3789954,2026-08-05T16:59:00.000Z,2026-08-05T17:00:33.923Z
TAI,TARS AI,1023,0.008036548067793112,7170125.842809857,1231366.18893972,2.4374471,8.95707055,-8.19800888,892189753.9,2026-08-05T16:58:00.000Z,2026-08-05T17:00:33.923Z
STRK,Starknet,129,0.025477178440377602,173556854.54748586,54349197.9766859,-0.40455993,2.8963892,-5.35747938,6812247869.348971,2026-08-05T16:58:00.000Z,2026-08-05T17:00:33.923Z
TNSR,Tensor,709,0.030293570933467722,15961049.252931897,6777220.5486447,-0.05100841,0.88284247,-1.1130066,526879095.5013644,2026-08-05T16:58:00.000Z,2026-08-05T17:00:33.923Z
ADA,Cardano,13,0.1907808805384233,6965222114.605802,423696011.57054913,0.48684215,-0.58725082,17.00899107,36509015447.18997,2026-08-05T16:59:00.000Z,2026-08-05T17:00:33.923Z
KMNO,Kamino,173,0.01796676731084392,93980965.8418163,3430116.49718494,0.02489336,-0.05528977,-0.2225911,5230822229.5,2026-08-05T16:58:00.000Z,2026-08-05T17:00:33.923Z
TAO,Bittensor,34,197.42882122445442,2211380970.896774,153211222.8636388,-0.10234264,3.20101084,3.50455833,11200902.46794657,2026-08-05T16:59:00.000Z,2026-08-05T17:00:33.923Z
VET,VeChain,84,0.004649592571428618,399795408.710563,5934816.56805837,0.01923676,-0.18312473,3.91461921,85985041177,2026-08-05T16:58:00.000Z,2026-08-05T17:00:33.923Z
DOGE,Dogecoin,10,0.07005669108716571,10884601354.696838,409173451.534267,0.49974177,-0.20940308,-0.11909701,155368476383.70523,2026-08-05T16:59:00.000Z,2026-08-05T17:00:33.923Z
HBAR,Hedera,25,0.0690731360080153,3024788346.7083373,27986177.06513191,0.28461432,-1.03516306,2.13740441,43791096242.645454,2026-08-05T16:58:00.000Z,2026-08-05T17:00:33.923Z
WXM,WeatherXM,5112,0.006356301102898451,0,173.24320778,0.01476294,-12.46736425,-2.33787119,0,2026-08-05T16:58:00.000Z,2026-08-05T17:00:33.923Z
PEPE,Pepe,48,0.000002874556706351,1189412134.9937012,137276688.93531585,0.77970686,-0.944276,6.07434618,413772367880593.25,2026-08-05T16:59:00.000Z,2026-08-05T17:00:33.923Z
ILV,Illuvium,602,2.893483481887243,21248684.418196302,1300356.1205999,-0.0506744,-0.07533485,5.59736372,7343634.25649732,2026-08-05T16:58:00.000Z,2026-08-05T17:00:33.923Z
SIGN,Sign,710,0.006676169842528629,15933792.019717546,14327617.8264576,-0.08871886,0.9158624,-5.91878664,2386666666,2026-08-05T16:58:00.000Z,2026-08-05T17:00:33.923Z
XBG,XBorg,1392,0.01155316231539576,2757431.1210815758,0,0,3.24306691,-2.69965016,238673278,2026-08-05T16:59:00.000Z,2026-08-05T17:00:33.923Z
SAND,The Sandbox,157,0.04144455736159294,121749177.15270397,10668294.23278052,0.05812384,-0.93796795,1.29127962,2937639702.3733225,2026-08-05T16:58:00.000Z,2026-08-05T17:00:33.923Z
ORCA,Orca,275,1.086856236091965,66079532.62546921,10078651.31545491,0.25692804,1.32197753,-4.00001234,60798779.480783,2026-08-05T16:59:00.000Z,2026-08-05T17:00:33.923Z
BERA,Berachain,339,0.15957448660254767,48228663.52141741,22026338.48780068,-0.21122504,1.34937921,5.04646678,302232922.9956452,2026-08-05T16:58:00.000Z,2026-08-05T17:00:33.923Z
SEND,Suilend,1205,0.05920263132514873,4347092.34189157,863.69355236,-62.16507158,21.5567313,16.08728824,73427350.18004116,2026-08-05T16:58:00.000Z,2026-08-05T17:00:33.923Z
NEUR,neur.sh,3176,0.000063439252537849,58956.92049997791,0,0,0.82937021,-0.91719023,929344501.100533,2026-08-05T16:58:00.000Z,2026-08-05T17:00:33.923Z
BEAM,Beam,197,0.001432078864455943,73465910.23293911,2050350.3126451,0.09807096,-0.6618215,-0.23708639,51300184687,2026-08-05T16:59:00.000Z,2026-08-05T17:00:33.923Z
MATES,MATES,7230,0.000008717851619577,0,0,0,0,0.74134073,0,2026-08-05T16:59:00.000Z,2026-08-05T17:00:33.923Z
WIF,dogwifhat,144,0.14022562526211138,140062807.2955807,39172973.2211742,0.04673737,1.00544131,-2.58967195,998838885.786914,2026-08-05T16:59:00.000Z,2026-08-05T17:00:33.923Z
IMX,Immutable,113,0.1105107148581609,221021429.7163218,7432377.38073661,0.35329597,0.54929194,1.22946023,2000000000,2026-08-05T16:58:00.000Z,2026-08-05T17:00:33.923Z
NPC,Non-Playable Coin,369,0.005708153077142705,43480379.773960374,1277725.75960738,0.62110118,3.2247208,0.50202222,7617241371.481418,2026-08-05T16:59:00.000Z,2026-08-05T17:00:33.923Z
ENJ,Enjin Coin,334,0.024960418385778692,49658446.93778743,3910329.3792821,0.24184246,1.65857746,2.43809642,1989487762.9968152,2026-08-05T16:59:00.000Z,2026-08-05T17:00:33.923Z
CLOUD,Cloud,3984,0.02144020219881098,0,943464.25829554,0.04704833,-0.6397595,-9.60302431,0,2026-08-05T16:58:00.000Z,2026-08-05T17:00:33.923Z
CRV,Curve DAO Token,92,0.20496474102463164,315027339.8194128,21905005.86461642,0.79199562,1.60159896,-1.87994066,1536983084.2347388,2026-08-05T16:59:00.000Z,2026-08-05T17:00:33.923Z
ENS,Ethereum Name Service,130,4.222369308383128,173260326.53139973,9377717.54104996,0.34255789,-0.03605001,0.56723653,41033911.02891147,2026-08-05T16:58:00.000Z,2026-08-05T17:00:33.923Z
TANK,CryptoTanks,,,,0,0,0,-9.3276853,48610000,2025-04-21T03:20:00.000Z,2026-08-05T17:00:33.923Z
RPL,Rocket Pool,444,1.5364042738790133,34883162.74310345,7856180.95137418,0.20201639,-0.0867404,-0.99357378,22704416.62794436,2026-08-05T16:59:00.000Z,2026-08-05T17:00:33.923Z
YNE,yesnoerror,2690,0.000188937228707357,188936.9390665853,36081.88858749,-0.39455214,-0.09203012,-4.27749562,999998467,2026-08-05T16:59:00.000Z,2026-08-05T17:00:33.923Z
AAVE,Aave,44,90.56281945119042,1396679035.6124146,188768537.51371673,0.48868073,0.94508414,-8.35401507,15422212.38336298,2026-08-05T16:58:00.000Z,2026-08-05T17:00:33.923Z
UNI,Uniswap,31,4.114028121671731,2570216128.070942,245598106.21792293,2.32331841,7.07548157,3.88898928,624744423.7271129,2026-08-05T16:59:00.000Z,2026-08-05T17:00:33.923Z
BONK,Bonk,107,0.000002785026905096,245067304.38007316,24088828.60418946,-0.06878124,0.18465632,-3.66698644,87994591338305.31,2026-08-05T16:58:00.000Z,2026-08-05T17:00:33.923Z
LDO,Lido DAO,105,0.30350798185017325,253825490.15781218,89303770.4521648,2.09495611,8.67840105,-14.78763649,836305815.1238776,2026-08-05T16:59:00.000Z,2026-08-05T17:00:33.923Z
OM,MANTRA (old),4618,0.06348744762085842,0,6378.95419539,0.01545258,23.57310461,1.11561234,0,2026-08-05T16:58:00.000Z,2026-08-05T17:00:33.923Z
ON,Orochi Network,344,0.32912273285516463,47484182.28267888,9581570.63571348,3.86371749,38.82080492,6.05592937,144275000,2026-08-05T16:59:00.000Z,2026-08-05T17:00:33.923Z
OP,Optimism,119,0.08821424633363975,201698994.57600996,30270722.71299757,1.15211583,0.27911272,2.21446091,2286467356,2026-08-05T16:58:00.000Z,2026-08-05T17:00:33.923Z
EIGEN,EigenCloud,133,0.18693941694648478,162506088.82986352,8468443.12595529,0.4634453,0.5657583,3.16980131,869298147.412026,2026-08-05T16:59:00.000Z,2026-08-05T17:00:33.923Z
MOG,Mog Coin,398,1.0101782581817308e-7,39454282.3554654,7428068.38604278,0.59845401,0.28858752,0.6748857,390567526433216.7,2026-08-05T16:58:00.000Z,2026-08-05T17:00:33.923Z
SNAI,SwarmNode.ai,2318,0.00040585719499801,405856.45033333777,64654.00114427,0.20342508,-0.47537128,1.02061464,999998165.205196,2026-08-05T16:58:00.000Z,2026-08-05T17:00:33.923Z
GALA,Gala,179,0.001774463202770285,87340412.66280133,26001987.86159199,0.67470607,-0.42567683,-0.64391536,49220751676.5892,2026-08-05T16:59:00.000Z,2026-08-05T17:00:33.923Z
PIXEL,Pixels,738,0.004221814495714575,14639556.147226306,6207009.8492271,-0.34531086,2.51777316,5.0796681,3467598152.9,2026-08-05T16:58:00.000Z,2026-08-05T17:00:33.923Z
NIL,Nillion,720,0.032737701289705504,15366498.423011497,14812085.23947225,-0.8809051,-8.96392998,-4.78273512,469382327.336573,2026-08-05T16:58:00.000Z,2026-08-05T17:00:33.923Z
MELANIA,Official Melania Meme,193,0.07495022537419786,74949917.74654607,5301227.93681236,0.09950876,-0.27476497,-3.01704588,999995895.574026,2026-08-05T16:58:00.000Z,2026-08-05T17:00:33.923Z
APE,ApeCoin,148,0.1338305552561482,133830555.2561482,10123825.33922422,0.12607484,1.2455932,-6.2132661,1000000000,2026-08-05T16:58:00.000Z,2026-08-05T17:00:33.923Z
SOLA,SOLA Token,,,,0,0,0,0.01010999,0,2023-10-20T18:30:00.000Z,2026-08-05T17:00:33.923Z
YGG,Yield Guild Games,685,0.018239649277593757,17060173.237887274,6090794.87087824,0.35072753,0.96542558,5.37735759,935334500.0358427,2026-08-05T16:59:00.000Z,2026-08-05T17:00:33.923Z
FARTCOIN,Fartcoin,150,0.13373228973805407,133732056.50894077,12892571.10674656,0.41306574,3.14316415,10.59675819,999998256,2026-08-05T16:58:00.000Z,2026-08-05T17:00:33.923Z
ZIL,Zilliqa,322,0.002591264704796778,52074699.77632611,4049269.2891717,0.556705,0.2798084,2.90817503,20096248630.998165,2026-08-05T16:58:00.000Z,2026-08-05T17:00:33.923Z
AXS,Axie Infinity,140,0.8581233839822435,149679354.6044027,18585734.85952741,-0.15980697,4.08396614,5.44016663,174426379.00134403,2026-08-05T16:59:00.000Z,2026-08-05T17:00:33.923Z
SKY,Sky,46,0.056606239068108924,1324199330.238899,13475272.40205593,0.40402178,1.97478554,-1.12915209,23393169234.324425,2026-08-05T16:59:00.000Z,2026-08-05T17:00:33.923Z
STG,Stargate Finance,686,0.12093392199120252,17040151.61305577,10690068.21634894,-0.78062686,-0.31032646,1.57001591,140904647.2030848,2026-08-05T16:58:00.000Z,2026-08-05T17:00:33.923Z
ALEO,Aleo,564,0.018049804230523644,23773913.844822206,1185208.64129885,1.54647819,7.36167276,0.63493298,1317128625.950338,2026-08-05T16:59:00.000Z,2026-08-05T17:00:33.923Z
PHAR,Pharaoh,7264,43.24247468611166,0,0,0,0,5.49208727,0,2026-08-05T16:59:00.000Z,2026-08-05T17:00:33.923Z
AIOZ,AIOZ Network,299,0.04710241532364226,59822810.614501946,1780006.29731582,0.60357958,0.61083846,-0.94701449,1270058238.0639596,2026-08-05T16:59:00.000Z,2026-08-05T17:00:33.923Z
ZORA,ZORA,552,0.005549464250220821,24806105.192937605,16459503.1506414,-3.06925596,-0.74496695,-0.82855948,4469999999,2026-08-05T16:58:00.000Z,2026-08-05T17:00:33.923Z
GEOD,GEODNET,183,0.18756004748216262,82480962.6231753,1544110.39842643,0.4901316,-1.49241888,-5.65620156,439757633.51744413,2026-08-05T16:58:00.000Z,2026-08-05T17:00:33.923Z
XVS,Venus,363,2.7031798244418215,44277580.88558166,1389356.25615535,0.40847488,-2.15561419,-3.57506685,16379813.31660927,2026-08-05T16:59:00.000Z,2026-08-05T17:00:33.923Z
ZRO,LayerZero,98,0.7723009681296421,280569471.6613143,34853520.16979998,-0.04191171,-1.29754912,0.29499147,363290327.52710027,2026-08-05T16:58:00.000Z,2026-08-05T17:00:33.923Z
AI16Z,ai16z,4414,0.000316006004148273,0,26167.03208485,-2.20289621,11.23766262,9.28281919,0,2026-08-05T16:58:00.000Z,2026-08-05T17:00:33.923Z
ALKIMI,Alkimi,4387,0.00090090179831637,0,29668.56127631,0.95651011,-1.2654325,0.57593459,0,2026-08-05T16:58:00.000Z,2026-08-05T17:00:33.923Z
READY,Ready Cards,1053,0.006697186839517317,6697186.839517317,370559.3567537,-0.59343193,-1.59747054,-8.43915657,1000000000,2026-08-05T16:58:00.000Z,2026-08-05T17:00:33.923Z
PURR,Purr,383,0.06994935286565152,41643840.23565606,504862.18014444,0.23926504,4.84213398,12.96024361,595342752,2026-08-05T16:58:00.000Z,2026-08-05T17:00:33.923Z
GUN,GUNZ,974,0.002780609498311605,8159770.913132112,3812710.89549424,0.29968464,-1.84400005,-7.80959978,2934526016,2026-08-05T16:58:00.000Z,2026-08-05T17:00:33.923Z
ZRX,0x Protocol,272,0.07900763230800337,67029803.692767195,3420088.42378668,0.1832959,-0.21017495,1.49473379,848396562.8973439,2026-08-05T16:58:00.000Z,2026-08-05T17:00:33.923Z
AB,AB,171,0.000974430062044444,96296746.3744636,462616.12635804,1.82939584,1.51618672,-0.47474803,98823661261.46,2026-08-05T16:58:00.000Z,2026-08-05T17:00:33.923Z
BANK,Lorenzo Protocol,447,0.04543417380120974,34754631.33437312,136118909.210031,-0.35278993,-18.8747364,-72.67215554,764944719.5064375,2026-08-05T16:58:00.000Z,2026-08-05T17:00:33.923Z
BCH,Bitcoin Cash,18,213.87957272011582,4292795618.5280576,93972777.78018163,0.54127053,0.74833695,1.69001518,20071087.5,2026-08-05T16:58:00.000Z,2026-08-05T17:00:33.923Z
WINK,WINK,,,,,,,,0,2026-08-05T17:00:31.242Z,2026-08-05T17:00:33.923Z
MYX,MYX Finance,539,0.07620729492237904,26348755.315846935,8797271.40976108,1.48814528,-7.56325267,18.80762896,345751090.4,2026-08-05T16:58:00.000Z,2026-08-05T17:00:33.923Z
ASTR,Astar,382,0.004785144429607906,41808076.98853189,1367045.22518237,0.12775035,-0.04615421,0.37601266,8737056447,2026-08-05T16:59:00.000Z,2026-08-05T17:00:33.923Z
1INCH,1inch,161,0.08282684389138559,116967878.18502517,7353016.53343013,0.66662072,1.55131633,-1.1361846,1412197696.9013836,2026-08-05T16:59:00.000Z,2026-08-05T17:00:33.923Z
VSN,Vision,146,0.037211236921835575,136021705.18779102,1659553.28382309,-0.28878583,0.02408241,-6.75899335,3655393274.711957,2026-08-05T16:58:00.000Z,2026-08-05T17:00:33.923Z
ARC,AI Rig Complex,327,0.050635202872506245,50634329.024761304,2587931.31980439,1.00339237,-5.55527962,-8.48577429,999982742.288065,2026-08-05T16:59:00.000Z,2026-08-05T17:00:33.923Z
AT,APRO,455,0.13485738098688144,33714345.24672036,1895363.9830026,-0.43650231,-0.20180934,1.27072606,250000000,2026-08-05T16:58:00.000Z,2026-08-05T17:00:33.923Z
GMX,GMX,279,6.227184758755328,65082931.97644286,2193792.26659901,-0.13561505,0.50452699,-5.70713714,10451421.3882826,2026-08-05T16:59:00.000Z,2026-08-05T17:00:33.923Z
VNXAU,VNX Gold,1117,133.7387341146589,5630400.70622714,12739.89419158,-0.04128104,2.39439166,2.96684772,42100,2026-08-05T16:59:00.000Z,2026-08-05T17:00:33.923Z
CARV,CARV,661,0.02687088216338291,17812114.369544834,1220365.54384856,-0.41192944,0.80788243,0.82763706,662877916,2026-08-05T16:58:00.000Z,2026-08-05T17:00:33.923Z
POWR,Powerledger,577,0.03989794626802174,22668390.80681932,2055412.01616708,-0.59904383,1.89715829,3.51555673,568159339.694837,2026-08-05T16:58:00.000Z,2026-08-05T17:00:33.923Z
HUMA,Huma Finance,281,0.01972347613902302,64315178.2353721,4980864.24000544,-0.21003738,5.72230047,0.94988726,3260843970,2026-08-05T16:59:00.000Z,2026-08-05T17:00:33.923Z
RLC,iExec RLC,569,0.2706007198118552,23542204.440917023,2105997.05473023,-0.43810606,3.70648387,8.28583292,86999784.9868455,2026-08-05T16:59:00.000Z,2026-08-05T17:00:33.923Z
ANKR,Ankr,450,0.0034571075141467,34571075.141467,3350395.29116369,0.32084823,1.95035978,4.67589125,10000000000,2026-08-05T16:59:00.000Z,2026-08-05T17:00:33.923Z
MPLX,Metaplex,843,0.023469071355617616,11194308.000711754,1062906.79830019,0.06422331,-3.26268418,-3.42920376,476981293,2026-08-05T16:58:00.000Z,2026-08-05T17:00:33.923Z
FLR,Flare,74,0.005928524099564225,514616397.4110283,3192144.66961214,0.83052949,-2.20277857,-5.58979766,86803458798.2623,2026-08-05T16:58:00.000Z,2026-08-05T17:00:33.923Z
CHIN,FITCHIN Universe,7318,0.000151177351880093,0,0,0,0,0.54594229,0,2026-08-05T16:58:00.000Z,2026-08-05T17:00:33.923Z
COOL,coolcat,6696,0.000012513027308684,0,0,0,-0.62506557,-0.39540465,0,2026-08-05T16:58:00.000Z,2026-08-05T17:00:33.923Z
BABYDOGE,Baby Doge Coin,311,3.13294889598008e-10,56138065.43036357,3190528.8614702,0.32981687,1.30284229,7.41590221,179186023437518720,2026-08-05T16:58:00.000Z,2026-08-05T17:00:33.923Z
BMT,Bubblemaps,945,0.012283747920236685,8759238.719680648,3296339.40974856,-0.7950478,1.41577764,11.04867958,713075421,2026-08-05T16:59:00.000Z,2026-08-05T17:00:33.923Z
AKT,Akash Network,138,0.512119209805849,151838819.91234985,4993371.16278696,0.81961248,1.25271387,22.00979403,296491162.614099,2026-08-05T16:58:00.000Z,2026-08-05T17:00:33.923Z
HYPER,Hyperlane,621,0.05963753763673697,20167865.68648321,13796111.61556759,1.19215768,3.42540419,1.56555151,338174017.3333334,2026-08-05T16:59:00.000Z,2026-08-05T17:00:33.923Z
KITE,Kite,125,0.10243110356286277,184375986.413153,40842953.53328493,0.40354661,10.79123285,13.10468093,1800000000,2026-08-05T16:59:00.000Z,2026-08-05T17:00:33.923Z
WOD,World of Dypians,1411,0.00467836667367501,2655372.830351,673759.14030247,5.13257961,-7.89397413,-8.41017961,567585445,2026-08-05T16:59:00.000Z,2026-08-05T17:00:33.923Z
DOLO,Dolomite,904,0.021622355092848457,9548906.987276204,4739074.44446514,-0.08444657,2.04359788,6.43112413,441621967,2026-08-05T16:58:00.000Z,2026-08-05T17:00:33.923Z
SWTCH,Switchboard Protocol,3021,0.000533681675964116,91583.17674876316,206.35973557,0.08818653,0.04581443,-8.82836108,171606373,2026-08-05T16:58:00.000Z,2026-08-05T17:00:33.923Z
BULLY,Dolos The Bully,2807,0.000151757595356384,145771.10437864962,343.44629925,0.45508652,0.99342521,0.43299497,960552281,2026-08-05T16:59:00.000Z,2026-08-05T17:00:33.923Z
WLFI,World Liberty Financial,38,0.053510303242003454,1700343448.9536328,32304036.58068883,0.04186055,-1.25791955,-2.12857157,31776000993,2026-08-05T16:59:00.000Z,2026-08-05T17:00:33.923Z
PROVE,Succinct,481,0.16072537028570402,31341447.205712285,6386638.04937018,0.43609449,-4.18722516,-3.2325918,195000000,2026-08-05T16:59:00.000Z,2026-08-05T17:00:33.923Z
ACT,Act I : The AI Prophecy,930,0.009566973012349966,9071779.876638548,42404699.44051162,1.37398563,8.87325134,13.69068452,948239308.810407,2026-08-05T16:59:00.000Z,2026-08-05T17:00:33.923Z
WOO,WOO,600,0.011286616261597757,21317958.63236196,1655974.10625554,-0.19572771,-0.81368875,-1.78352727,1888782088.2947378,2026-08-05T16:58:00.000Z,2026-08-05T17:00:33.923Z
LAYER,Solayer,507,0.06056998794976426,28800174.558136344,9702645.65987849,-0.12394881,1.05130544,3.8938896,475485888.8534488,2026-08-05T16:59:00.000Z,2026-08-05T17:00:33.923Z
DREAMS,Daydreams,4141,0.002072331618897157,0,177297.03170668,0.31663074,5.11993033,6.17272424,0,2026-08-05T16:58:00.000Z,2026-08-05T17:00:33.923Z
KIMBO,Kimbo,2840,0.00000195642528801,135815.0434936426,86.07706245,0.65547979,-1.11080671,-1.94377711,69420000000,2026-08-05T16:59:00.000Z,2026-08-05T17:00:33.923Z
STORJ,Storj,639,0.044673978051242215,18986440.582430035,4115408.67945869,0.10388328,-0.76442561,-9.91597061,424999998.00000113,2026-08-05T16:58:00.000Z,2026-08-05T17:00:33.923Z
AERO,Aerodrome Finance,82,0.42393067893216685,410607488.76085615,18244468.21730395,0.44776038,4.02989227,2.41065521,968572243.4505795,2026-08-05T16:58:00.000Z,2026-08-05T17:00:33.923Z
PLANCK,Planck,3646,0.000141470346518709,10830.515043778621,530.36414598,-3.01969842,6.86217024,10.16325023,76556786,2026-08-05T16:58:00.000Z,2026-08-05T17:00:33.923Z
ZEN,Horizen,192,4.106204097744306,74954215.57664788,6946987.44462051,0.23587169,0.23452774,7.82225848,18253894.30053491,2026-08-05T16:58:00.000Z,2026-08-05T17:00:33.923Z
RAMEN,Ramen,,,,0,0,0,-31.40662374,0,2026-06-12T05:38:00.000Z,2026-08-05T17:00:33.923Z
USDG,Global Dollar,24,0.9997512553241442,3482849297.80796,180761209.30347875,-0.00976385,-0.00250903,0.00706045,3483715853.578732,2026-08-05T16:58:00.000Z,2026-08-05T17:00:33.923Z
TADA,Ta-da,2976,0.000152593000279207,101266.81534824698,3.51350947,0.27703291,1.50420221,-3.0520195,663639978,2026-08-05T16:58:00.000Z,2026-08-05T17:00:33.923Z
PRAI,Privasea AI,2688,0.00056040096727237,189189.49369111957,787.33939901,0.00795231,-0.37681377,-1.03097147,337596658,2026-08-05T16:59:00.000Z,2026-08-05T17:00:33.923Z
DBR,deBridge,534,0.013984923628089754,26916566.006381664,1709705.28593906,0.94381775,0.91669698,-1.20283649,1924684519,2026-08-05T16:58:00.000Z,2026-08-05T17:00:33.923Z
VGBP,VNX British Pound,7320,1.337482655293157,0,0,0,0.00693788,0.13598823,0,2026-08-05T16:58:00.000Z,2026-08-05T17:00:33.923Z
MEDIA,Media Network,5841,0.11922008034785722,0,0,0,-7.00578234,-12.21067144,0,2026-08-05T16:59:00.000Z,2026-08-05T17:00:33.923Z
LINEA,Linea,328,0.002274029694518117,50552241.51296658,11188796.469488,0.05173997,-1.13458509,2.22156252,22230246876.20843,2026-08-05T16:59:00.000Z,2026-08-05T17:00:33.923Z
PUFFER,Puffer,1072,0.012545735385871027,6355502.725838836,1321795.0088536,-0.00683484,3.52503405,5.0090011,506586703,2026-08-05T16:58:00.000Z,2026-08-05T17:00:33.923Z
TAKE,OVERTAKE,739,0.04398080668820515,14626825.172309496,3546985.64111321,-5.36056186,15.24571154,93.41211038,332572917,2026-08-05T16:58:00.000Z,2026-08-05T17:00:33.923Z
VNX,VisionX,,,,0,0.185991,1.68618,6.68955,3900000000,2020-07-09T02:19:19.000Z,2026-08-05T17:00:33.923Z
BLOCK,Block (blockstreet.xyz),1885,0.002050148772834529,943068.4355038835,127400.32060394,0.0513978,1.73057982,1.04523429,460000000,2026-08-05T16:58:00.000Z,2026-08-05T17:00:33.923Z
UMA,UMA,490,0.33641252060845994,30469510.021724507,1630282.74310936,-0.17290407,-0.45180474,1.72771764,90571866.8455477,2026-08-05T16:59:00.000Z,2026-08-05T17:00:33.923Z
USD1,World Liberty Financial USD,20,0.9994756033482466,3970128298.6125164,767577541.9877789,0.00524425,0.02091274,0.07199327,3972211312.9250712,2026-08-05T16:58:00.000Z,2026-08-05T17:00:33.923Z
ES,Eclipse,2760,0.001210340093708807,160549.02330267275,1323969.82333275,-0.8870526,-6.48337209,16.78228233,132647860,2026-08-05T16:58:00.000Z,2026-08-05T17:00:33.923Z
BARD,Lombard,401,0.11468397912328414,39350940.33667687,2961772.97603799,-0.26963804,2.77304965,-2.2362159,343125000,2026-08-05T16:58:00.000Z,2026-08-05T17:00:33.923Z
DARKSTAR,DarkStar,3782,0.000011062107911258,3343.214832944153,0,0,-1.17280154,-28.76259537,302222222,2026-08-05T16:58:00.000Z,2026-08-05T17:00:33.923Z
TREE,Treehouse,1126,0.03495612058486859,5457435.1532489965,5403503.38076908,-0.55441752,3.92796038,-0.62773493,156122449,2026-08-05T16:58:00.000Z,2026-08-05T17:00:33.923Z
AVO,Avocado,,,,0,0,0,0,0,2023-03-28T18:24:00.000Z,2026-08-05T17:00:33.923Z
PLUME,Plume,267,0.011146652967962575,68907604.75808504,13051228.55971755,0.02086699,5.15256961,-6.93595272,6181909938,2026-08-05T16:58:00.000Z,2026-08-05T17:00:33.923Z
ZBCN,Zebec Network,126,0.00178538368698917,178536181.69083285,9298124.78151795,0.4586371,-2.47440222,-0.46953905,99998775048.69115,2026-08-05T16:59:00.000Z,2026-08-05T17:00:33.923Z
ANI,Ani Grok Companion (anicompanion.net),4247,0.000250760963393428,0,72176.4220024,0.02309806,-0.03396605,-16.04517249,0,2026-08-05T16:58:00.000Z,2026-08-05T17:00:33.923Z
LOOK,LOOK,2498,0.000306237095300141,282465.70138523576,0,-0.00057835,0.24195043,-24.11454606,922375851,2026-08-05T16:58:00.000Z,2026-08-05T17:00:33.923Z
KAS,Kaspa,64,0.026081751498566216,720413351.3915656,6166780.80968797,0.13089655,-2.51673547,-5.20600138,27621356312.330814,2026-08-05T16:59:00.000Z,2026-08-05T17:00:33.923Z
EURC,EURC,81,1.1540305735701926,451794644.4654209,32359997.76302623,-0.06332812,0.1812602,1.39711119,391492786.0773361,2026-08-05T16:59:00.000Z,2026-08-05T17:00:33.923Z
FHE,Mind Network,793,0.024526405721918054,12685532.459224531,5579509.58592165,1.32749092,6.75094253,29.59917753,517219384,2026-08-05T16:59:00.000Z,2026-08-05T17:00:33.923Z
XCN,Onyxcoin,158,0.003093106404867625,120920013.81916036,4059119.99134366,0.35612158,-0.74789611,-5.86472053,39093389619.20883,2026-08-05T16:59:00.000Z,2026-08-05T17:00:33.923Z
CVAI,Agentlauncher,6791,0.000166292699805284,0,0,0,1.01758579,-1.93414994,0,2026-08-05T16:58:00.000Z,2026-08-05T17:00:33.923Z
NEXO,Nexo,79,0.7195082026353912,464907231.6727173,4749924.40108244,0.03478219,-0.20492618,-2.08285495,646145839.5746847,2026-08-05T16:59:00.000Z,2026-08-05T17:00:33.923Z
MASK,Mask Network,436,0.3550674880418363,35506748.80418363,10365202.46977671,-0.77022597,2.94652434,4.30825979,100000000,2026-08-05T16:58:00.000Z,2026-08-05T17:00:33.923Z
MNT,Mantle,45,0.4045012794422644,1335782302.8311543,21092437.07499776,0.59399234,1.07334355,2.39114825,3302294382.53684,2026-08-05T16:59:00.000Z,2026-08-05T17:00:33.923Z
TUNA,DefiTuna,7497,0.00141447268090922,0,0,0,0,15.7109051,0,2026-08-05T16:58:00.000Z,2026-08-05T17:00:33.923Z
LFNTY,Lifinity,6185,1.1435704733252139,0,0,0,-0.71063269,0.76180388,0,2026-08-05T16:58:00.000Z,2026-08-05T17:00:33.923Z
QNT,Quant,63,59.93292637817462,723554517.736991,4169430.05521062,0.01009711,0.46207184,-2.29705224,12072738,2026-08-05T16:59:00.000Z,2026-08-05T17:00:33.923Z
YFI,Yearn,190,2083.7970374504043,75091599.63093077,3179830.54669642,0.13620576,-1.06203278,5.72923111,36035.94701469,2026-08-05T16:58:00.000Z,2026-08-05T17:00:33.923Z
KSM,Kusama,302,3.176468288136529,59155875.2201291,4725988.90830215,-0.67239127,1.7214264,9.7858439,18623159.38775917,2026-08-05T16:59:00.000Z,2026-08-05T17:00:33.923Z
HYPE,Hyperliquid,9,57.472805726971984,14504560769.126707,374404305.82504,0.66934007,4.01129195,5.17221462,252372588.83847597,2026-08-05T16:58:00.000Z,2026-08-05T17:00:33.923Z
ENSO,Enso,643,0.9100649768485684,18738237.873312023,7039375.81495583,-1.79964127,1.54959685,5.00393013,20590000,2026-08-05T16:58:00.000Z,2026-08-05T17:00:33.923Z
STREAM,Streamflow,1520,0.007681305530032654,1994026.2719657193,68775.37987101,0.06094926,1.79470546,-2.5255712,259594708.760041,2026-08-05T16:59:00.000Z,2026-08-05T17:00:33.923Z
CTA,Cross The Ages,2698,0.000370267116112187,185133.5580560935,0,0,-6.08344879,-6.72939663,500000000,2026-08-05T16:59:00.000Z,2026-08-05T17:00:33.923Z
ZETA,ZetaChain,355,0.02911454635314272,45373504.11845522,3467697.84060744,-0.48946988,1.5600779,2.9960434,1558447917,2026-08-05T16:58:00.000Z,2026-08-05T17:00:33.923Z
MOVE,Movement,483,0.007507109869710487,31279624.459629398,5101979.83452663,0.04401851,0.58003095,-4.3896972,4166666667,2026-08-05T16:58:00.000Z,2026-08-05T17:00:33.923Z
REKT,Rekt (rekt.com),470,1.1410293123064159e-7,32156335.934625562,100982.18456261,0.34010038,-0.93403307,-7.96756936,281818666600479,2026-08-05T16:59:00.000Z,2026-08-05T17:00:33.923Z
SYRUP,Maple Finance,122,0.1632500984722743,194432386.62483194,5882057.99064947,1.28631572,6.21361533,-3.69745045,1191009306.8510675,2026-08-05T16:59:00.000Z,2026-08-05T17:00:33.923Z
VINE,Vine Coin,962,0.008431113549936121,8431063.84009063,2028618.50265311,2.62522136,2.85301124,0.16707029,999994104,2026-08-05T16:58:00.000Z,2026-08-05T17:00:33.923Z
USELESS,Useless Coin,356,0.04534637002138324,45304856.524386674,7062133.25610445,0.97987919,-3.17704462,-13.50885989,999084524.362656,2026-08-05T16:59:00.000Z,2026-08-05T17:00:33.923Z
MLC,My Lovely Planet,1685,0.010945391007826228,1401266.4540896977,17009.86458854,0.06652636,-1.63362008,-0.43129742,128023425.84999998,2026-08-05T16:58:00.000Z,2026-08-05T17:00:33.923Z
URANUS,Uranus,2032,0.007183731341001681,718344.560736922,22604.31328737,0.36035024,-9.62351244,-10.98028761,99996022.49,2026-08-05T16:58:00.000Z,2026-08-05T17:00:33.923Z
UMBRA,Umbra,4620,0.27703707778292685,0,6217.20424709,0.05525165,-1.99924266,4.62111957,0,2026-08-05T16:59:00.000Z,2026-08-05T17:00:33.923Z
ALVA,Alvara Protocol,2562,0.002156377406825978,246774.52427122503,7380.66680749,-5.84332762,-16.84958635,-21.65238918,114439394.2776734,2026-08-05T16:59:00.000Z,2026-08-05T17:00:33.923Z
YB,YieldBasis,860,0.06844482574866774,10475472.852950199,3744193.93721158,-0.18433976,2.78340946,7.53923285,153049887.09324166,2026-08-05T16:58:00.000Z,2026-08-05T17:00:33.923Z
ALT,Altlayer,403,0.00568022842285572,39111270.89593631,3259770.95219157,0.00370967,-0.36072745,0.56712023,6885510226.765356,2026-08-05T16:58:00.000Z,2026-08-05T17:00:33.923Z
COAI,ChainOpera AI,280,0.34218727243967373,64331240.75301136,3556132.98569149,0.3350588,2.23066185,-0.60833691,188000098,2026-08-05T16:59:00.000Z,2026-08-05T17:00:33.923Z
CARDS,Collector Crypt,270,0.1620128870200587,67376886.11699562,2907758.89358778,0.10547944,-3.60523043,24.97373553,415873621.884497,2026-08-05T16:59:00.000Z,2026-08-05T17:00:33.923Z
SPK,Spark,346,0.015345964838507914,46628412.5520655,4199521.49023285,0.29113978,-0.20852534,-2.07738637,3038480345.9903646,2026-08-05T16:59:00.000Z,2026-08-05T17:00:33.923Z
ETHFI,ether.fi,88,0.3666559522769662,356927836.5511537,46918439.66830099,0.48089402,2.23803141,-7.5385925,973468000,2026-08-05T16:58:00.000Z,2026-08-05T17:00:33.923Z
ONDO,Ondo,36,0.38208949758038774,1860520100.4650145,105623288.05573611,1.09027679,4.52370253,-2.96135836,4869330647,2026-08-05T16:58:00.000Z,2026-08-05T17:00:33.923Z
0G,0G,496,0.14041644862273528,29942964.889273666,7071966.3381423,0.23159649,-0.30548745,-4.16525106,213243998,2026-08-05T16:58:00.000Z,2026-08-05T17:00:33.923Z
MF,Moonwalk Fitness,4284,0.007500993209719931,0,55991.77820129,0.05329239,0.14418232,-5.42487956,0,2026-08-05T16:58:00.000Z,2026-08-05T17:00:33.923Z
NXPC,NEXPACE,200,0.237771165338593,70000150.28765027,4589730.88519784,-0.10595637,-0.76943562,-3.48768044,294401342.5175758,2026-08-05T16:58:00.000Z,2026-08-05T17:00:33.923Z
JASMY,JasmyCoin,117,0.004142603386020717,204831023.08443597,4888261.21812961,0.87948746,-1.00165623,-2.50327478,49444999677.16958,2026-08-05T16:59:00.000Z,2026-08-05T17:00:33.923Z
BLACK,Blackhole,4661,0.001861564960388702,0,4782.16355636,0.02499607,1.58639795,-8.57865748,0,2026-08-05T16:58:00.000Z,2026-08-05T17:00:33.923Z
OPUS,Opus Genesis,2009,0.000750658745435883,750611.6093212804,807.54282857,0.14089631,-0.79934877,-6.53383563,999937207,2026-08-05T16:59:00.000Z,2026-08-05T17:00:33.923Z
BREW,Homebrew Robotics Club,3395,0.000032007475952621,29199.212049831065,0,0,0,-2.82518988,912262250.6396,2026-08-05T16:58:00.000Z,2026-08-05T17:00:33.923Z
EUL,Euler,454,1.4202878103690142,34043291.56751861,252569785.7672364,1.1940693,0.60735308,-11.82758096,23969290.81484801,2026-08-05T16:59:00.000Z,2026-08-05T17:00:33.923Z
BLESS,Bless,406,0.01991147847870768,38660789.07436452,27273693.69821875,11.42358409,93.37526754,149.13024392,1941633270.2619946,2026-08-05T16:58:00.000Z,2026-08-05T17:00:33.923Z
ZEUS,Zeus Network,1454,0.002528450882121593,2354997.5818949672,1513096.77119405,-0.37302311,3.80823011,9.28985774,931399379.179918,2026-08-05T16:59:00.000Z,2026-08-05T17:00:33.923Z
KAVA,Kava,368,0.040233628404942996,43566861.483856864,8948712.9192094,0.02941272,-0.58296295,-8.76419016,1082846942,2026-08-05T16:58:00.000Z,2026-08-05T17:00:33.923Z
IN,INFINIT,832,0.03316693918620472,11444872.024124755,2814579.79437125,-0.24345839,2.86323769,-1.94674514,345068683,2026-08-05T16:58:00.000Z,2026-08-05T17:00:33.923Z
AVICI,Avici,1070,0.494009215739819,6372711.472905429,438108.94892456,-4.26723864,-6.21678855,-5.49221414,12899985,2026-08-05T16:59:00.000Z,2026-08-05T17:00:33.923Z
EDEN,OpenEden,721,0.038883469271998865,15358982.008493565,2146860.69032907,0.91184493,1.48590939,4.08442192,395000299.5117008,2026-08-05T16:59:00.000Z,2026-08-05T17:00:33.923Z
IDEX,IDEX,1858,0.000998455603361296,998455.603361296,250702.62989239,-43.92320427,-45.18151362,-17.53426954,1000000000,2026-08-05T16:58:00.000Z,2026-08-05T17:00:33.923Z
JELLYJELLY,Jelly-My-Jelly,310,0.056278181486694556,56278130.780053034,3295038.94352676,0.33494919,1.46625691,0.25438858,999999099,2026-08-05T16:59:00.000Z,2026-08-05T17:00:33.923Z
MMT,Momentum,460,0.16328007862218713,33324716.877148617,18117937.85031026,3.76617006,5.16207622,-6.58030019,204095424,2026-08-05T16:58:00.000Z,2026-08-05T17:00:33.923Z
PAYAI,PayAI Network,1254,0.0038480329240266,3847812.4076591255,715523.58242455,0.1800888,1.17707442,-2.55053314,999942693.7420163,2026-08-05T16:58:00.000Z,2026-08-05T17:00:33.923Z
ENA,Ethena,56,0.09217802520436086,905937153.9616091,114455500.33612366,-0.11136301,1.2857791,16.73071356,9828125000,2026-08-05T16:59:00.000Z,2026-08-05T17:00:33.923Z
BOME,BOOK OF MEME,402,0.000571405953204347,39350918.353018224,27168123.39309204,-0.41053892,0.04917351,3.06356169,68866832997.35506,2026-08-05T16:59:00.000Z,2026-08-05T17:00:33.923Z
KET,Ket (ketonsolana.com),1143,0.005220767022416143,5220718.621354271,1974768.58785109,0.47184736,-22.2765455,-28.17014251,999990729.128179,2026-08-05T16:59:00.000Z,2026-08-05T17:00:33.923Z
MET,Meteora,177,0.16689672585879653,89827993.9346945,6032126.10336231,0.09396703,2.02037645,-5.60058021,538225021.925797,2026-08-05T16:58:00.000Z,2026-08-05T17:00:33.923Z
ZARA,ZARA AI,2687,0.000292689159383467,189752.60779064056,37251.35035441,0.06562282,-0.81306708,-1.97524875,648307604.526057,2026-08-05T16:58:00.000Z,2026-08-05T17:00:33.923Z
PEAQ,peaq,384,0.017285470767072597,41526545.04957153,1289605.9577673,1.09070505,0.9263998,-1.29782757,2402395954.9123874,2026-08-05T16:58:00.000Z,2026-08-05T17:00:33.923Z
FF,Falcon Finance,121,0.06388097109609368,195795176.40952712,12302746.88507637,-0.07021406,2.50359206,-7.07522151,3065000000,2026-08-05T16:58:00.000Z,2026-08-05T17:00:33.923Z
MNDE,Marinade,4007,0.018226938820279877,0,685054.29344152,4.30603402,-1.63265338,-1.68290963,0,2026-08-05T16:59:00.000Z,2026-08-05T17:00:33.923Z
BABY,Babylon,345,0.01094068695728252,46924125.22097559,30472633.34167212,0.39362928,5.13160865,-0.73211703,4288956022.98,2026-08-05T16:59:00.000Z,2026-08-05T17:00:33.923Z
DYDX,dYdX,172,0.11259599884507294,95548862.27895533,3716270.27184325,0.00474328,0.56480928,1.0033038,848599091.0780612,2026-08-05T16:58:00.000Z,2026-08-05T17:00:33.923Z
PUMP,Pump.fun,54,0.002466960175037013,974297866.6804492,174588887.54669112,-1.26842065,10.60524247,31.80392152,394938627927.31604,2026-08-05T16:59:00.000Z,2026-08-05T17:00:33.923Z
M,MemeCore,42,1.1797823634807802,1571469727.3240066,6067025.10261208,-0.12268247,-0.03547221,3.3064922,1331999677.2011478,2026-08-05T16:58:00.000Z,2026-08-05T17:00:33.923Z
PRCL,Parcl,1424,0.006226334603489362,2567020.9810999217,2250220.63555506,3.05317329,5.00391462,3.11439056,412284457,2026-08-05T16:59:00.000Z,2026-08-05T17:00:33.923Z
AMBIOS,Ambios Network,3288,0.000641675998318208,41961.52070066854,0,0,0.31579579,-0.31827364,65393626.70669779,2026-08-05T16:58:00.000Z,2026-08-05T17:00:33.923Z
ORDER,Orderly,847,0.027521006805458166,11043277.944281064,2427859.6873735,0.03502445,0.74151161,-0.20812384,401267221.8841529,2026-08-05T16:59:00.000Z,2026-08-05T17:00:33.923Z
KAITO,KAITO,112,0.9282393332133982,224066661.37048298,36000175.41382468,1.02229137,4.29530776,-31.05911386,241388889,2026-08-05T16:59:00.000Z,2026-08-05T17:00:33.923Z
KERNEL,KernelDAO,924,0.03182817651308015,9112662.197670482,4401280.3187616,-0.26153769,1.1854184,2.12878833,286308020,2026-08-05T16:58:00.000Z,2026-08-05T17:00:33.923Z
FLUID,Fluid,174,1.190979156396357,93726482.88402292,1691210.59209704,-0.07743796,-3.82658856,11.29910406,78696996.82034639,2026-08-05T16:59:00.000Z,2026-08-05T17:00:33.923Z
XPL,Plasma,116,0.0772277210982145,207656761.17519984,35621276.26781625,0.13625293,0.13300209,0.40474354,2688888888.8889,2026-08-05T16:59:00.000Z,2026-08-05T17:00:33.923Z
BERT,Bertram The Pomeranian,951,0.00888896789338416,8593403.826432392,1829353.77193028,-0.45505618,1.13722511,5.62214202,966749338,2026-08-05T16:59:00.000Z,2026-08-05T17:00:33.923Z
BID,CreatorBid,1493,0.005523728688325801,2129061.1847116384,188362.56284726,0.12532536,0.95406083,0.94416119,385439130.8558169,2026-08-05T16:58:00.000Z,2026-08-05T17:00:33.923Z
SKYAI,SKYAI,294,0.06086804923721044,60868049.23721044,56330894.48784366,-2.56763512,15.10686756,142.83214995,1000000000,2026-08-05T16:58:00.000Z,2026-08-05T17:00:33.923Z
ARENA,The Arena,957,0.001332516298173068,8507683.134339163,191076.13568372,1.04794572,8.17086854,-8.48727482,6384674728.559442,2026-08-05T16:59:00.000Z,2026-08-05T17:00:33.923Z
XTZ,Tezos,114,0.19834041355172835,216700508.19722176,5606671.55662328,0.05290223,0.32052057,-3.40766989,1092568601.207968,2026-08-05T16:59:00.000Z,2026-08-05T17:00:33.923Z
SUPER,SuperVerse,317,0.08355801501105961,53490718.34766412,2229003.28670042,0.12203436,2.03137184,3.7691983,640162626.4169173,2026-08-05T16:59:00.000Z,2026-08-05T17:00:33.923Z
COQ,Coq Inu,1106,8.337269712118856e-8,5787732.63415291,777926.44188493,1.20007924,-0.35158957,0.29801028,69420000000000,2026-08-05T16:58:00.000Z,2026-08-05T17:00:33.923Z
2Z,DoubleZero,123,0.055052081323456514,191108758.5176701,1857701.47392493,-0.40227053,0.28285466,-0.78607965,3471417500,2026-08-05T16:58:00.000Z,2026-08-05T17:00:33.923Z
FIL,Filecoin,69,0.7188611579227103,586227423.3467473,52715293.15293657,0.06179325,0.73002451,7.56533234,815494643,2026-08-05T16:58:00.000Z,2026-08-05T17:00:33.923Z
GP,Graphite Protocol,1201,0.12515003601504499,4387926.69457924,188251.22269448,-3.66289702,-4.14043428,-12.03852417,35061329.85892024,2026-08-05T16:58:00.000Z,2026-08-05T17:00:33.923Z
MIRA,Mira,780,0.04201821615725814,13025986.459632164,38364995.38736051,0.04282274,2.17145175,0.12235108,310008078.66,2026-08-05T16:59:00.000Z,2026-08-05T17:00:33.923Z
RED,RedStone,393,0.08597720504434606,40472609.614084266,1343969.86459267,-0.64879244,-0.33606184,-3.32605613,470736512,2026-08-05T16:59:00.000Z,2026-08-05T17:00:33.923Z
SKL,SKALE,578,0.003652814792891515,22618756.433913026,4623206.7976489,0.19904553,-0.4209257,2.97842472,6192144337,2026-08-05T16:58:00.000Z,2026-08-05T17:00:33.923Z
ETC,Ethereum Classic,52,6.468396740851678,1020374820.4560355,31159855.26010308,0.38215154,-1.77719999,-2.5110876,157747717.2993698,2026-08-05T16:59:00.000Z,2026-08-05T17:00:33.923Z
BLUAI,Bluwhale,731,0.012110214563385062,14871343.483836856,4195543.61480421,-1.31908301,-2.1613535,0.45270752,1228000000,2026-08-05T16:59:00.000Z,2026-08-05T17:00:33.923Z
GNET,Galactica.com,7516,0.002579776301332225,0,0,0,1.73068392,-7.66784834,0,2026-08-05T16:59:00.000Z,2026-08-05T17:00:33.923Z
CGPT,ChainGPT,675,0.018765585451125336,17508266.895507284,6308030.90262661,-0.35163242,1.1266502,6.54191784,932998703.4567763,2026-08-05T16:59:00.000Z,2026-08-05T17:00:33.923Z
ICP,Internet Computer,49,2.088735942471985,1159877944.1354773,28005243.05466349,0.09181929,-0.06393433,1.81255689,555301376.5649959,2026-08-05T16:58:00.000Z,2026-08-05T17:00:33.923Z
TRUST,Intuition,915,0.05187054729970115,9318431.367044766,974563.32271673,-0.03906675,-0.46617224,8.84647394,179647832,2026-08-05T16:59:00.000Z,2026-08-05T17:00:33.923Z
VIRTUAL,Virtuals Protocol,86,0.5640883215934375,371047346.3815435,33684048.05233523,0.68092444,1.97625696,1.55465786,657782358.1481149,2026-08-05T16:58:00.000Z,2026-08-05T17:00:33.923Z